date,category,views
2025-04-30,Arema Junior,6
2025-05-02,Arema Junior,3
2025-05-03,Arema Junior,12
2025-05-05,Arema Junior,8
2025-05-06,Arema Junior,7
2025-05-08,Arema Junior,16
2025-05-09,Arema Junior,8
2025-05-10,Arema Junior,2
2025-05-11,Arema Junior,4
2025-05-14,Arema Junior,2
2025-05-15,Arema Junior,2
2025-05-16,Arema Junior,6
2025-05-17,Arema Junior,2
2025-05-18,Arema Junior,10
2025-05-19,Arema Junior,2
2025-05-20,Arema Junior,2
2025-05-22,Arema Junior,2
2025-05-23,Arema Junior,4
2025-05-25,Arema Junior,2
2025-05-26,Arema Junior,4
2025-05-27,Arema Junior,72
2025-05-28,Arema Junior,26
2025-05-30,Arema Junior,8
2025-05-31,Arema Junior,10
2025-06-01,Arema Junior,4
2025-06-02,Arema Junior,10
2025-06-03,Arema Junior,8
2025-06-04,Arema Junior,8
2025-06-05,Arema Junior,6
2025-06-07,Arema Junior,2
2025-06-08,Arema Junior,8
2025-06-09,Arema Junior,2
2025-06-10,Arema Junior,2
2025-06-12,Arema Junior,6
2025-06-14,Arema Junior,12
2025-06-15,Arema Junior,4
2025-06-16,Arema Junior,6
2025-06-17,Arema Junior,11
2025-06-18,Arema Junior,14
2025-06-20,Arema Junior,4
2025-06-22,Arema Junior,8
2025-06-23,Arema Junior,10
2025-06-24,Arema Junior,10
2025-06-25,Arema Junior,5
2025-06-26,Arema Junior,10
2025-06-27,Arema Junior,2
2025-06-29,Arema Junior,7
2025-06-30,Arema Junior,7
2025-07-01,Arema Junior,6
2025-07-02,Arema Junior,8
2025-07-03,Arema Junior,2
2025-07-05,Arema Junior,2
2025-07-06,Arema Junior,2
2025-07-07,Arema Junior,4
2025-07-08,Arema Junior,17
2025-07-09,Arema Junior,4
2025-07-10,Arema Junior,2
2025-07-11,Arema Junior,6
2025-07-14,Arema Junior,4
2025-07-15,Arema Junior,10
2025-07-17,Arema Junior,4
2025-07-19,Arema Junior,2
2025-07-20,Arema Junior,10
2025-07-21,Arema Junior,4
2025-07-22,Arema Junior,2
2025-07-24,Arema Junior,6
2025-07-25,Arema Junior,4
2025-07-26,Arema Junior,2
2025-07-27,Arema Junior,6
2025-07-28,Arema Junior,2
2025-07-29,Arema Junior,4
2025-07-30,Arema Junior,6
2025-08-01,Arema Junior,10
2025-08-02,Arema Junior,2
2025-08-04,Arema Junior,2
2025-08-06,Arema Junior,3
2025-08-08,Arema Junior,2
2025-08-11,Arema Junior,2
2025-08-12,Arema Junior,12
2025-08-13,Arema Junior,4
2025-08-16,Arema Junior,2
2025-08-17,Arema Junior,8
2025-08-18,Arema Junior,2
2025-08-20,Arema Junior,2
2025-08-21,Arema Junior,4
2025-08-23,Arema Junior,2
2025-08-27,Arema Junior,2
2025-08-28,Arema Junior,5
2025-08-29,Arema Junior,8
2025-08-30,Arema Junior,2
2025-08-31,Arema Junior,6
2025-09-01,Arema Junior,4
2025-09-02,Arema Junior,4
2025-09-03,Arema Junior,4
2025-09-04,Arema Junior,6
2025-09-05,Arema Junior,6
2025-09-06,Arema Junior,2
2025-09-07,Arema Junior,2
2025-09-08,Arema Junior,4
2025-09-09,Arema Junior,6
2025-09-10,Arema Junior,4
2025-09-11,Arema Junior,4
2025-09-12,Arema Junior,4
2025-09-17,Arema Junior,10
2025-09-19,Arema Junior,10
2025-09-21,Arema Junior,4
2025-09-23,Arema Junior,2
2025-09-24,Arema Junior,8
2025-09-25,Arema Junior,8
2025-10-01,Arema Junior,2
2025-10-03,Arema Junior,6
2025-10-05,Arema Junior,8
2025-10-06,Arema Junior,14
2025-10-09,Arema Junior,26
2025-10-10,Arema Junior,154
2025-10-11,Arema Junior,101
2025-10-12,Arema Junior,176
2025-10-13,Arema Junior,180
2025-10-14,Arema Junior,126
2025-10-15,Arema Junior,45
2025-10-16,Arema Junior,28
2025-10-17,Arema Junior,10
2025-10-18,Arema Junior,30
2025-10-19,Arema Junior,32
2025-10-20,Arema Junior,34
2025-10-21,Arema Junior,126
2025-10-22,Arema Junior,27
2025-10-23,Arema Junior,24
2025-10-24,Arema Junior,88
2025-10-25,Arema Junior,152
2025-10-26,Arema Junior,46
2025-10-27,Arema Junior,69
2025-10-28,Arema Junior,76
2025-10-29,Arema Junior,30
2025-10-30,Arema Junior,24
2025-10-31,Arema Junior,13
2025-11-01,Arema Junior,24
2025-11-02,Arema Junior,162
2025-11-03,Arema Junior,88
2025-11-04,Arema Junior,25
2025-11-05,Arema Junior,23
2025-11-06,Arema Junior,16
2025-11-07,Arema Junior,121
2025-11-08,Arema Junior,16
2025-11-09,Arema Junior,10
2025-11-10,Arema Junior,19
2025-11-11,Arema Junior,7
2025-11-12,Arema Junior,16
2025-11-13,Arema Junior,22
2025-11-15,Arema Junior,6
2025-11-16,Arema Junior,8
2025-11-17,Arema Junior,10
2025-11-18,Arema Junior,2
2025-11-19,Arema Junior,2
2025-11-20,Arema Junior,2
2025-11-21,Arema Junior,4
2025-11-22,Arema Junior,10
2025-11-23,Arema Junior,6
2025-11-24,Arema Junior,4
2025-11-25,Arema Junior,6
2025-11-26,Arema Junior,12
2025-11-27,Arema Junior,6
2025-11-28,Arema Junior,8
2025-11-29,Arema Junior,16
2025-11-30,Arema Junior,4
2025-12-01,Arema Junior,2
2025-12-02,Arema Junior,8
2025-12-05,Arema Junior,1
2025-12-06,Arema Junior,14
2025-12-07,Arema Junior,6
2025-12-08,Arema Junior,105
2025-12-09,Arema Junior,44
2025-12-10,Arema Junior,28
2025-12-11,Arema Junior,71
2025-12-12,Arema Junior,27
2025-12-13,Arema Junior,62
2025-12-14,Arema Junior,94
2025-12-15,Arema Junior,175
2025-12-16,Arema Junior,249
2025-12-17,Arema Junior,434
2025-12-18,Arema Junior,143
2025-12-19,Arema Junior,39
2025-12-20,Arema Junior,81
2025-12-21,Arema Junior,70
2025-12-22,Arema Junior,64
2025-12-23,Arema Junior,24
2025-12-24,Arema Junior,4
2025-12-25,Arema Junior,15
2025-12-26,Arema Junior,15
2025-12-27,Arema Junior,6
2025-12-28,Arema Junior,2
2025-12-29,Arema Junior,8
2025-12-30,Arema Junior,20
2025-12-31,Arema Junior,5
2026-01-01,Arema Junior,7
2026-01-02,Arema Junior,5
2026-01-03,Arema Junior,3
2026-01-04,Arema Junior,4
2026-01-05,Arema Junior,7
2026-01-06,Arema Junior,6
2026-01-07,Arema Junior,10
2026-01-08,Arema Junior,10
2026-01-09,Arema Junior,26
2026-01-10,Arema Junior,14
2026-01-11,Arema Junior,59
2026-01-12,Arema Junior,30
2026-01-13,Arema Junior,25
2026-01-14,Arema Junior,38
2026-01-15,Arema Junior,30
2026-01-16,Arema Junior,10
2026-01-17,Arema Junior,20
2026-01-18,Arema Junior,147
2026-01-19,Arema Junior,237
2026-01-20,Arema Junior,104
2026-01-21,Arema Junior,54
2026-01-22,Arema Junior,8
2026-01-23,Arema Junior,14
2026-01-24,Arema Junior,45
2026-01-25,Arema Junior,289
2026-01-26,Arema Junior,72
2026-01-27,Arema Junior,34
2026-01-28,Arema Junior,30
2026-01-29,Arema Junior,22
2026-01-30,Arema Junior,59
2026-01-31,Arema Junior,26
2026-02-01,Arema Junior,451
2026-02-02,Arema Junior,137
2026-02-03,Arema Junior,42
2026-02-04,Arema Junior,23
2026-02-05,Arema Junior,17
2026-02-06,Arema Junior,26
2026-02-07,Arema Junior,73
2026-02-08,Arema Junior,43
2026-02-09,Arema Junior,175
2026-02-10,Arema Junior,43
2026-02-11,Arema Junior,10
2026-02-12,Arema Junior,21
2026-02-13,Arema Junior,8
2026-02-14,Arema Junior,61
2026-02-15,Arema Junior,56
2026-02-16,Arema Junior,68
2026-02-17,Arema Junior,9
2026-02-18,Arema Junior,26
2026-02-19,Arema Junior,7
2026-02-20,Arema Junior,13
2026-02-21,Arema Junior,25
2026-02-22,Arema Junior,6
2026-02-24,Arema Junior,4
2026-02-25,Arema Junior,14
2026-02-26,Arema Junior,12
2026-02-27,Arema Junior,4
2026-02-28,Arema Junior,4
2026-03-01,Arema Junior,8
2026-03-02,Arema Junior,8
2026-03-03,Arema Junior,6
2026-03-06,Arema Junior,9
2026-03-07,Arema Junior,4
2026-03-08,Arema Junior,5
2026-03-09,Arema Junior,3
2026-03-10,Arema Junior,1
2026-03-11,Arema Junior,11
2026-03-12,Arema Junior,11
2026-03-14,Arema Junior,8
2026-03-15,Arema Junior,5
2026-03-16,Arema Junior,8
2026-03-17,Arema Junior,8
2026-03-18,Arema Junior,14
2026-03-19,Arema Junior,3
2026-03-20,Arema Junior,2
2026-03-21,Arema Junior,5
2026-03-22,Arema Junior,4
2026-03-23,Arema Junior,15
2026-03-24,Arema Junior,2
2026-03-25,Arema Junior,6
2026-03-26,Arema Junior,4
2026-03-27,Arema Junior,18
2026-03-28,Arema Junior,2
2026-03-29,Arema Junior,6
2026-03-30,Arema Junior,4
2026-03-31,Arema Junior,8
2026-04-01,Arema Junior,6
2026-04-02,Arema Junior,3
2026-04-03,Arema Junior,13
2026-04-04,Arema Junior,14
2026-04-05,Arema Junior,15
2026-04-06,Arema Junior,76
2026-04-07,Arema Junior,21
2026-04-08,Arema Junior,10
2026-04-09,Arema Junior,2
2026-04-10,Arema Junior,15
2026-04-11,Arema Junior,3
2026-04-12,Arema Junior,18
2026-04-13,Arema Junior,6
2026-04-14,Arema Junior,5
2026-04-15,Arema Junior,8
2026-04-17,Arema Junior,6
2026-04-18,Arema Junior,12
2026-04-19,Arema Junior,4
2026-04-20,Arema Junior,6
2026-04-21,Arema Junior,5
2026-04-22,Arema Junior,11
2026-04-23,Arema Junior,4
2026-04-25,Arema Junior,10
2026-04-26,Arema Junior,6
2026-04-27,Arema Junior,4
2026-04-28,Arema Junior,3
2026-04-29,Arema Junior,6
2025-04-30,Arema Putri,5
2025-05-02,Arema Putri,2
2025-05-03,Arema Putri,4
2025-05-04,Arema Putri,26
2025-05-05,Arema Putri,12
2025-05-06,Arema Putri,2
2025-05-07,Arema Putri,4
2025-05-08,Arema Putri,10
2025-05-09,Arema Putri,2
2025-05-10,Arema Putri,2
2025-05-11,Arema Putri,7
2025-05-13,Arema Putri,6
2025-05-15,Arema Putri,8
2025-05-16,Arema Putri,5
2025-05-17,Arema Putri,1
2025-05-18,Arema Putri,20
2025-05-19,Arema Putri,4
2025-05-20,Arema Putri,6
2025-05-22,Arema Putri,8
2025-05-23,Arema Putri,4
2025-05-24,Arema Putri,16
2025-05-25,Arema Putri,10
2025-05-26,Arema Putri,4
2025-05-27,Arema Putri,2
2025-05-31,Arema Putri,6
2025-06-01,Arema Putri,2
2025-06-02,Arema Putri,2
2025-06-03,Arema Putri,2
2025-06-04,Arema Putri,4
2025-06-05,Arema Putri,2
2025-06-06,Arema Putri,2
2025-06-08,Arema Putri,4
2025-06-09,Arema Putri,192
2025-06-10,Arema Putri,1185
2025-06-11,Arema Putri,1967
2025-06-12,Arema Putri,129
2025-06-13,Arema Putri,44
2025-06-14,Arema Putri,43
2025-06-15,Arema Putri,42
2025-06-16,Arema Putri,35
2025-06-17,Arema Putri,2
2025-06-18,Arema Putri,21
2025-06-19,Arema Putri,4
2025-06-20,Arema Putri,29
2025-06-21,Arema Putri,2
2025-06-22,Arema Putri,4
2025-06-23,Arema Putri,4
2025-06-24,Arema Putri,10
2025-06-25,Arema Putri,6
2025-06-26,Arema Putri,18
2025-06-27,Arema Putri,19
2025-06-28,Arema Putri,4
2025-06-29,Arema Putri,29
2025-06-30,Arema Putri,8
2025-07-01,Arema Putri,4
2025-07-02,Arema Putri,13
2025-07-03,Arema Putri,6
2025-07-04,Arema Putri,8
2025-07-05,Arema Putri,4
2025-07-06,Arema Putri,8
2025-07-07,Arema Putri,6
2025-07-08,Arema Putri,4
2025-07-09,Arema Putri,10
2025-07-11,Arema Putri,2
2025-07-12,Arema Putri,4
2025-07-13,Arema Putri,151
2025-07-14,Arema Putri,1261
2025-07-15,Arema Putri,166
2025-07-16,Arema Putri,53
2025-07-17,Arema Putri,69
2025-07-18,Arema Putri,28
2025-07-19,Arema Putri,36
2025-07-20,Arema Putri,23
2025-07-21,Arema Putri,478
2025-07-22,Arema Putri,407
2025-07-23,Arema Putri,146
2025-07-24,Arema Putri,29
2025-07-25,Arema Putri,34
2025-07-26,Arema Putri,53
2025-07-27,Arema Putri,29
2025-07-28,Arema Putri,13
2025-07-29,Arema Putri,3
2025-07-30,Arema Putri,12
2025-07-31,Arema Putri,8
2025-08-01,Arema Putri,13
2025-08-02,Arema Putri,61
2025-08-03,Arema Putri,41
2025-08-04,Arema Putri,26
2025-08-05,Arema Putri,23
2025-08-06,Arema Putri,38
2025-08-07,Arema Putri,6
2025-08-08,Arema Putri,14
2025-08-09,Arema Putri,6
2025-08-10,Arema Putri,43
2025-08-11,Arema Putri,34
2025-08-12,Arema Putri,6
2025-08-13,Arema Putri,9
2025-08-14,Arema Putri,4
2025-08-15,Arema Putri,21
2025-08-16,Arema Putri,4
2025-08-17,Arema Putri,7
2025-08-18,Arema Putri,9
2025-08-19,Arema Putri,14
2025-08-20,Arema Putri,24
2025-08-21,Arema Putri,12
2025-08-22,Arema Putri,5
2025-08-23,Arema Putri,4
2025-08-24,Arema Putri,21
2025-08-25,Arema Putri,23
2025-08-26,Arema Putri,2
2025-08-27,Arema Putri,6
2025-08-28,Arema Putri,2
2025-08-29,Arema Putri,4
2025-08-30,Arema Putri,7
2025-08-31,Arema Putri,4
2025-09-01,Arema Putri,9
2025-09-02,Arema Putri,4
2025-09-03,Arema Putri,4
2025-09-04,Arema Putri,12
2025-09-05,Arema Putri,4
2025-09-06,Arema Putri,4
2025-09-07,Arema Putri,1
2025-09-08,Arema Putri,2
2025-09-09,Arema Putri,2
2025-09-11,Arema Putri,3
2025-09-12,Arema Putri,9
2025-09-14,Arema Putri,4
2025-09-15,Arema Putri,6
2025-09-16,Arema Putri,4
2025-09-17,Arema Putri,2
2025-09-18,Arema Putri,4
2025-09-19,Arema Putri,4
2025-09-20,Arema Putri,4
2025-09-21,Arema Putri,22
2025-09-22,Arema Putri,10
2025-09-23,Arema Putri,8
2025-09-24,Arema Putri,2
2025-09-25,Arema Putri,8
2025-09-26,Arema Putri,6
2025-09-28,Arema Putri,2
2025-09-30,Arema Putri,2
2025-10-01,Arema Putri,2
2025-10-02,Arema Putri,6
2025-10-05,Arema Putri,138
2025-10-06,Arema Putri,101
2025-10-07,Arema Putri,173
2025-10-08,Arema Putri,209
2025-10-09,Arema Putri,281
2025-10-10,Arema Putri,85
2025-10-11,Arema Putri,148
2025-10-12,Arema Putri,692
2025-10-13,Arema Putri,341
2025-10-14,Arema Putri,166
2025-10-15,Arema Putri,90
2025-10-16,Arema Putri,199
2025-10-17,Arema Putri,345
2025-10-18,Arema Putri,766
2025-10-19,Arema Putri,832
2025-10-20,Arema Putri,67
2025-10-21,Arema Putri,284
2025-10-22,Arema Putri,205
2025-10-23,Arema Putri,113
2025-10-24,Arema Putri,137
2025-10-25,Arema Putri,73
2025-10-26,Arema Putri,59
2025-10-27,Arema Putri,27
2025-10-28,Arema Putri,87
2025-10-29,Arema Putri,113
2025-10-30,Arema Putri,184
2025-10-31,Arema Putri,344
2025-11-01,Arema Putri,196
2025-11-02,Arema Putri,456
2025-11-03,Arema Putri,330
2025-11-04,Arema Putri,146
2025-11-05,Arema Putri,194
2025-11-06,Arema Putri,334
2025-11-07,Arema Putri,168
2025-11-08,Arema Putri,125
2025-11-09,Arema Putri,36
2025-11-10,Arema Putri,97
2025-11-11,Arema Putri,130
2025-11-12,Arema Putri,44
2025-11-13,Arema Putri,31
2025-11-14,Arema Putri,31
2025-11-15,Arema Putri,53
2025-11-16,Arema Putri,75
2025-11-17,Arema Putri,164
2025-11-18,Arema Putri,45
2025-11-19,Arema Putri,67
2025-11-20,Arema Putri,79
2025-11-21,Arema Putri,81
2025-11-22,Arema Putri,131
2025-11-23,Arema Putri,25
2025-11-24,Arema Putri,76
2025-11-25,Arema Putri,37
2025-11-26,Arema Putri,77
2025-11-27,Arema Putri,104
2025-11-28,Arema Putri,159
2025-11-29,Arema Putri,70
2025-11-30,Arema Putri,63
2025-12-01,Arema Putri,132
2025-12-02,Arema Putri,91
2025-12-03,Arema Putri,21
2025-12-04,Arema Putri,11
2025-12-05,Arema Putri,146
2025-12-06,Arema Putri,76
2025-12-07,Arema Putri,82
2025-12-08,Arema Putri,239
2025-12-09,Arema Putri,108
2025-12-10,Arema Putri,41
2025-12-11,Arema Putri,155
2025-12-12,Arema Putri,123
2025-12-13,Arema Putri,85
2025-12-14,Arema Putri,139
2025-12-15,Arema Putri,112
2025-12-16,Arema Putri,117
2025-12-17,Arema Putri,35
2025-12-18,Arema Putri,58
2025-12-19,Arema Putri,34
2025-12-20,Arema Putri,68
2025-12-21,Arema Putri,81
2025-12-22,Arema Putri,98
2025-12-23,Arema Putri,47
2025-12-24,Arema Putri,21
2025-12-25,Arema Putri,96
2025-12-26,Arema Putri,149
2025-12-27,Arema Putri,68
2025-12-28,Arema Putri,188
2025-12-29,Arema Putri,196
2025-12-30,Arema Putri,136
2025-12-31,Arema Putri,38
2026-01-01,Arema Putri,376
2026-01-02,Arema Putri,222
2026-01-03,Arema Putri,132
2026-01-04,Arema Putri,108
2026-01-05,Arema Putri,27
2026-01-06,Arema Putri,27
2026-01-07,Arema Putri,23
2026-01-08,Arema Putri,24
2026-01-09,Arema Putri,64
2026-01-10,Arema Putri,77
2026-01-11,Arema Putri,45
2026-01-12,Arema Putri,327
2026-01-13,Arema Putri,318
2026-01-14,Arema Putri,166
2026-01-15,Arema Putri,288
2026-01-16,Arema Putri,230
2026-01-17,Arema Putri,128
2026-01-18,Arema Putri,92
2026-01-19,Arema Putri,62
2026-01-20,Arema Putri,52
2026-01-21,Arema Putri,402
2026-01-22,Arema Putri,234
2026-01-23,Arema Putri,168
2026-01-24,Arema Putri,375
2026-01-25,Arema Putri,260
2026-01-26,Arema Putri,291
2026-01-27,Arema Putri,254
2026-01-28,Arema Putri,317
2026-01-29,Arema Putri,249
2026-01-30,Arema Putri,413
2026-01-31,Arema Putri,173
2026-02-01,Arema Putri,493
2026-02-02,Arema Putri,478
2026-02-03,Arema Putri,172
2026-02-04,Arema Putri,65
2026-02-05,Arema Putri,144
2026-02-06,Arema Putri,165
2026-02-07,Arema Putri,385
2026-02-08,Arema Putri,341
2026-02-09,Arema Putri,284
2026-02-10,Arema Putri,167
2026-02-11,Arema Putri,131
2026-02-12,Arema Putri,312
2026-02-13,Arema Putri,109
2026-02-14,Arema Putri,130
2026-02-15,Arema Putri,203
2026-02-16,Arema Putri,170
2026-02-17,Arema Putri,177
2026-02-18,Arema Putri,580
2026-02-19,Arema Putri,401
2026-02-20,Arema Putri,165
2026-02-21,Arema Putri,463
2026-02-22,Arema Putri,447
2026-02-23,Arema Putri,229
2026-02-24,Arema Putri,923
2026-02-25,Arema Putri,775
2026-02-26,Arema Putri,983
2026-02-27,Arema Putri,61
2026-02-28,Arema Putri,36
2026-03-01,Arema Putri,32
2026-03-02,Arema Putri,116
2026-03-03,Arema Putri,250
2026-03-04,Arema Putri,167
2026-03-05,Arema Putri,146
2026-03-06,Arema Putri,154
2026-03-07,Arema Putri,37
2026-03-08,Arema Putri,85
2026-03-09,Arema Putri,68
2026-03-10,Arema Putri,108
2026-03-11,Arema Putri,37
2026-03-12,Arema Putri,135
2026-03-13,Arema Putri,65
2026-03-14,Arema Putri,37
2026-03-15,Arema Putri,35
2026-03-16,Arema Putri,46
2026-03-17,Arema Putri,27
2026-03-18,Arema Putri,41
2026-03-19,Arema Putri,21
2026-03-20,Arema Putri,22
2026-03-21,Arema Putri,19
2026-03-22,Arema Putri,12
2026-03-23,Arema Putri,9
2026-03-24,Arema Putri,15
2026-03-25,Arema Putri,71
2026-03-26,Arema Putri,31
2026-03-27,Arema Putri,48
2026-03-28,Arema Putri,46
2026-03-29,Arema Putri,49
2026-03-30,Arema Putri,94
2026-03-31,Arema Putri,160
2026-04-01,Arema Putri,94
2026-04-02,Arema Putri,54
2026-04-03,Arema Putri,21
2026-04-04,Arema Putri,32
2026-04-05,Arema Putri,16
2026-04-06,Arema Putri,23
2026-04-07,Arema Putri,19
2026-04-08,Arema Putri,33
2026-04-09,Arema Putri,13
2026-04-10,Arema Putri,21
2026-04-11,Arema Putri,41
2026-04-12,Arema Putri,12
2026-04-13,Arema Putri,7
2026-04-14,Arema Putri,34
2026-04-15,Arema Putri,44
2026-04-16,Arema Putri,36
2026-04-17,Arema Putri,9
2026-04-18,Arema Putri,23
2026-04-19,Arema Putri,12
2026-04-20,Arema Putri,17
2026-04-21,Arema Putri,9
2026-04-22,Arema Putri,7
2026-04-23,Arema Putri,19
2026-04-24,Arema Putri,14
2026-04-25,Arema Putri,23
2026-04-26,Arema Putri,46
2026-04-27,Arema Putri,41
2026-04-28,Arema Putri,57
2026-04-29,Arema Putri,19
2026-04-30,Arema Putri,20
2025-04-30,Aremaday,178
2025-05-01,Aremaday,144
2025-05-02,Aremaday,71
2025-05-03,Aremaday,123
2025-05-04,Aremaday,182
2025-05-05,Aremaday,698
2025-05-06,Aremaday,372
2025-05-07,Aremaday,339
2025-05-08,Aremaday,148
2025-05-09,Aremaday,93
2025-05-10,Aremaday,727
2025-05-11,Aremaday,1093
2025-05-12,Aremaday,601
2025-05-13,Aremaday,456
2025-05-14,Aremaday,56
2025-05-15,Aremaday,227
2025-05-16,Aremaday,484
2025-05-17,Aremaday,264
2025-05-18,Aremaday,933
2025-05-19,Aremaday,178
2025-05-20,Aremaday,184
2025-05-21,Aremaday,125
2025-05-22,Aremaday,78
2025-05-23,Aremaday,63
2025-05-24,Aremaday,1060
2025-05-25,Aremaday,275
2025-05-26,Aremaday,254
2025-05-27,Aremaday,167
2025-05-28,Aremaday,23
2025-05-30,Aremaday,21
2025-05-31,Aremaday,59
2025-06-01,Aremaday,14
2025-06-02,Aremaday,8
2025-06-03,Aremaday,21
2025-06-04,Aremaday,12
2025-06-05,Aremaday,16
2025-06-06,Aremaday,24
2025-06-07,Aremaday,10
2025-06-08,Aremaday,16
2025-06-09,Aremaday,10
2025-06-10,Aremaday,10
2025-06-11,Aremaday,20
2025-06-12,Aremaday,18
2025-06-13,Aremaday,14
2025-06-14,Aremaday,8
2025-06-15,Aremaday,3
2025-06-16,Aremaday,18
2025-06-17,Aremaday,63
2025-06-18,Aremaday,24
2025-06-19,Aremaday,10
2025-06-20,Aremaday,14
2025-06-21,Aremaday,12
2025-06-22,Aremaday,4
2025-06-23,Aremaday,2
2025-06-24,Aremaday,20
2025-06-25,Aremaday,25
2025-06-26,Aremaday,14
2025-06-27,Aremaday,7
2025-06-28,Aremaday,15
2025-06-29,Aremaday,32
2025-06-30,Aremaday,29
2025-07-01,Aremaday,12
2025-07-02,Aremaday,57
2025-07-03,Aremaday,4
2025-07-04,Aremaday,12
2025-07-05,Aremaday,12
2025-07-06,Aremaday,18
2025-07-07,Aremaday,32
2025-07-08,Aremaday,3268
2025-07-09,Aremaday,2277
2025-07-10,Aremaday,3965
2025-07-11,Aremaday,708
2025-07-12,Aremaday,227
2025-07-13,Aremaday,312
2025-07-14,Aremaday,195
2025-07-15,Aremaday,94
2025-07-16,Aremaday,4439
2025-07-17,Aremaday,5206
2025-07-18,Aremaday,1507
2025-07-19,Aremaday,211
2025-07-20,Aremaday,151
2025-07-21,Aremaday,69
2025-07-22,Aremaday,1816
2025-07-23,Aremaday,4832
2025-07-24,Aremaday,1160
2025-07-25,Aremaday,693
2025-07-26,Aremaday,12816
2025-07-27,Aremaday,14670
2025-07-28,Aremaday,2636
2025-07-29,Aremaday,483
2025-07-30,Aremaday,183
2025-07-31,Aremaday,76
2025-08-01,Aremaday,132
2025-08-02,Aremaday,111
2025-08-03,Aremaday,282
2025-08-04,Aremaday,378
2025-08-05,Aremaday,1252
2025-08-06,Aremaday,453
2025-08-07,Aremaday,113
2025-08-08,Aremaday,204
2025-08-09,Aremaday,214
2025-08-10,Aremaday,343
2025-08-11,Aremaday,1248
2025-08-12,Aremaday,574
2025-08-13,Aremaday,406
2025-08-14,Aremaday,130
2025-08-15,Aremaday,424
2025-08-16,Aremaday,5996
2025-08-17,Aremaday,1707
2025-08-18,Aremaday,2461
2025-08-19,Aremaday,9311
2025-08-20,Aremaday,1592
2025-08-21,Aremaday,257
2025-08-22,Aremaday,1186
2025-08-23,Aremaday,3262
2025-08-24,Aremaday,1400
2025-08-25,Aremaday,2742
2025-08-26,Aremaday,6260
2025-08-27,Aremaday,489
2025-08-28,Aremaday,220
2025-08-29,Aremaday,154
2025-08-30,Aremaday,1378
2025-08-31,Aremaday,598
2025-09-01,Aremaday,363
2025-09-02,Aremaday,3428
2025-09-03,Aremaday,1339
2025-09-04,Aremaday,83
2025-09-05,Aremaday,94
2025-09-06,Aremaday,84
2025-09-07,Aremaday,292
2025-09-08,Aremaday,367
2025-09-09,Aremaday,349
2025-09-10,Aremaday,57
2025-09-11,Aremaday,66
2025-09-12,Aremaday,119
2025-09-13,Aremaday,745
2025-09-14,Aremaday,210
2025-09-15,Aremaday,65
2025-09-16,Aremaday,150
2025-09-17,Aremaday,119
2025-09-18,Aremaday,50
2025-09-19,Aremaday,54
2025-09-20,Aremaday,83
2025-09-21,Aremaday,155
2025-09-22,Aremaday,875
2025-09-23,Aremaday,386
2025-09-24,Aremaday,189
2025-09-25,Aremaday,66
2025-09-26,Aremaday,102
2025-09-27,Aremaday,867
2025-09-28,Aremaday,845
2025-09-29,Aremaday,207
2025-09-30,Aremaday,99
2025-10-01,Aremaday,76
2025-10-02,Aremaday,35
2025-10-03,Aremaday,86
2025-10-04,Aremaday,66
2025-10-05,Aremaday,92
2025-10-06,Aremaday,34
2025-10-07,Aremaday,32
2025-10-08,Aremaday,152
2025-10-09,Aremaday,68
2025-10-10,Aremaday,34
2025-10-11,Aremaday,60
2025-10-12,Aremaday,52
2025-10-13,Aremaday,96
2025-10-14,Aremaday,117
2025-10-15,Aremaday,94
2025-10-16,Aremaday,95
2025-10-17,Aremaday,43
2025-10-18,Aremaday,52
2025-10-19,Aremaday,715
2025-10-20,Aremaday,456
2025-10-21,Aremaday,243
2025-10-22,Aremaday,175
2025-10-23,Aremaday,194
2025-10-24,Aremaday,103
2025-10-25,Aremaday,111
2025-10-26,Aremaday,781
2025-10-27,Aremaday,262
2025-10-28,Aremaday,131
2025-10-29,Aremaday,90
2025-10-30,Aremaday,72
2025-10-31,Aremaday,109
2025-11-01,Aremaday,80
2025-11-02,Aremaday,95
2025-11-03,Aremaday,735
2025-11-04,Aremaday,282
2025-11-05,Aremaday,102
2025-11-06,Aremaday,107
2025-11-07,Aremaday,154
2025-11-08,Aremaday,849
2025-11-09,Aremaday,304
2025-11-10,Aremaday,154
2025-11-11,Aremaday,89
2025-11-12,Aremaday,65
2025-11-13,Aremaday,71
2025-11-14,Aremaday,126
2025-11-15,Aremaday,116
2025-11-16,Aremaday,74
2025-11-17,Aremaday,86
2025-11-18,Aremaday,43
2025-11-19,Aremaday,66
2025-11-20,Aremaday,42
2025-11-21,Aremaday,90
2025-11-22,Aremaday,2382
2025-11-23,Aremaday,346
2025-11-24,Aremaday,126
2025-11-25,Aremaday,117
2025-11-26,Aremaday,77
2025-11-27,Aremaday,87
2025-11-28,Aremaday,123
2025-11-29,Aremaday,1101
2025-11-30,Aremaday,141
2025-12-01,Aremaday,131
2025-12-02,Aremaday,64
2025-12-03,Aremaday,46
2025-12-04,Aremaday,73
2025-12-05,Aremaday,57
2025-12-06,Aremaday,71
2025-12-07,Aremaday,67
2025-12-08,Aremaday,168
2025-12-09,Aremaday,81
2025-12-10,Aremaday,63
2025-12-11,Aremaday,162
2025-12-12,Aremaday,91
2025-12-13,Aremaday,33
2025-12-14,Aremaday,60
2025-12-15,Aremaday,88
2025-12-16,Aremaday,71
2025-12-17,Aremaday,68
2025-12-18,Aremaday,37
2025-12-19,Aremaday,36
2025-12-20,Aremaday,76
2025-12-21,Aremaday,80
2025-12-22,Aremaday,96
2025-12-23,Aremaday,487
2025-12-24,Aremaday,191
2025-12-25,Aremaday,106
2025-12-26,Aremaday,87
2025-12-27,Aremaday,100
2025-12-28,Aremaday,134
2025-12-29,Aremaday,177
2025-12-30,Aremaday,619
2025-12-31,Aremaday,172
2026-01-01,Aremaday,95
2026-01-02,Aremaday,260
2026-01-03,Aremaday,154
2026-01-04,Aremaday,1158
2026-01-05,Aremaday,255
2026-01-06,Aremaday,92
2026-01-07,Aremaday,74
2026-01-08,Aremaday,85
2026-01-09,Aremaday,102
2026-01-10,Aremaday,168
2026-01-11,Aremaday,1085
2026-01-12,Aremaday,357
2026-01-13,Aremaday,177
2026-01-14,Aremaday,116
2026-01-15,Aremaday,101
2026-01-16,Aremaday,94
2026-01-17,Aremaday,105
2026-01-18,Aremaday,81
2026-01-19,Aremaday,73
2026-01-20,Aremaday,83
2026-01-21,Aremaday,105
2026-01-22,Aremaday,82
2026-01-23,Aremaday,102
2026-01-24,Aremaday,273
2026-01-25,Aremaday,168
2026-01-26,Aremaday,863
2026-01-27,Aremaday,244
2026-01-28,Aremaday,119
2026-01-29,Aremaday,122
2026-01-30,Aremaday,284
2026-01-31,Aremaday,180
2026-02-01,Aremaday,261
2026-02-02,Aremaday,1374
2026-02-03,Aremaday,404
2026-02-04,Aremaday,464
2026-02-05,Aremaday,158
2026-02-06,Aremaday,367
2026-02-07,Aremaday,435
2026-02-08,Aremaday,2450
2026-02-09,Aremaday,795
2026-02-10,Aremaday,260
2026-02-11,Aremaday,146
2026-02-12,Aremaday,244
2026-02-13,Aremaday,233
2026-02-14,Aremaday,168
2026-02-15,Aremaday,1117
2026-02-16,Aremaday,338
2026-02-17,Aremaday,213
2026-02-18,Aremaday,182
2026-02-19,Aremaday,304
2026-02-20,Aremaday,223
2026-02-21,Aremaday,2677
2026-02-22,Aremaday,440
2026-02-23,Aremaday,164
2026-02-24,Aremaday,1581
2026-02-25,Aremaday,1221
2026-02-26,Aremaday,1996
2026-02-27,Aremaday,395
2026-02-28,Aremaday,192
2026-03-01,Aremaday,172
2026-03-02,Aremaday,189
2026-03-03,Aremaday,245
2026-03-04,Aremaday,125
2026-03-05,Aremaday,132
2026-03-06,Aremaday,616
2026-03-07,Aremaday,296
2026-03-08,Aremaday,255
2026-03-09,Aremaday,322
2026-03-10,Aremaday,719
2026-03-11,Aremaday,271
2026-03-12,Aremaday,134
2026-03-13,Aremaday,87
2026-03-14,Aremaday,148
2026-03-15,Aremaday,103
2026-03-16,Aremaday,104
2026-03-17,Aremaday,107
2026-03-18,Aremaday,83
2026-03-19,Aremaday,53
2026-03-20,Aremaday,40
2026-03-21,Aremaday,35
2026-03-22,Aremaday,54
2026-03-23,Aremaday,62
2026-03-24,Aremaday,227
2026-03-25,Aremaday,178
2026-03-26,Aremaday,91
2026-03-27,Aremaday,60
2026-03-28,Aremaday,46
2026-03-29,Aremaday,70
2026-03-30,Aremaday,77
2026-03-31,Aremaday,34
2026-04-01,Aremaday,62
2026-04-02,Aremaday,74
2026-04-03,Aremaday,699
2026-04-04,Aremaday,138
2026-04-05,Aremaday,102
2026-04-06,Aremaday,54
2026-04-07,Aremaday,103
2026-04-08,Aremaday,56
2026-04-09,Aremaday,74
2026-04-10,Aremaday,1099
2026-04-11,Aremaday,244
2026-04-12,Aremaday,67
2026-04-13,Aremaday,122
2026-04-14,Aremaday,151
2026-04-15,Aremaday,74
2026-04-16,Aremaday,64
2026-04-17,Aremaday,116
2026-04-18,Aremaday,783
2026-04-19,Aremaday,201
2026-04-20,Aremaday,98
2026-04-21,Aremaday,157
2026-04-22,Aremaday,112
2026-04-23,Aremaday,154
2026-04-24,Aremaday,2983
2026-04-25,Aremaday,390
2026-04-26,Aremaday,270
2026-04-27,Aremaday,377
2026-04-28,Aremaday,3936
2026-04-29,Aremaday,373
2026-04-30,Aremaday,195
2025-04-30,Aremania,31
2025-05-01,Aremania,49
2025-05-02,Aremania,40
2025-05-03,Aremania,54
2025-05-04,Aremania,38
2025-05-05,Aremania,81
2025-05-06,Aremania,95
2025-05-07,Aremania,90
2025-05-08,Aremania,401
2025-05-09,Aremania,11106
2025-05-10,Aremania,1527
2025-05-11,Aremania,2833
2025-05-12,Aremania,763
2025-05-13,Aremania,391
2025-05-14,Aremania,120
2025-05-15,Aremania,402
2025-05-16,Aremania,60
2025-05-17,Aremania,333
2025-05-18,Aremania,389
2025-05-19,Aremania,122
2025-05-20,Aremania,149
2025-05-21,Aremania,391
2025-05-22,Aremania,595
2025-05-23,Aremania,4261
2025-05-24,Aremania,9259
2025-05-25,Aremania,356
2025-05-26,Aremania,115
2025-05-27,Aremania,47
2025-05-28,Aremania,19
2025-05-29,Aremania,2
2025-05-30,Aremania,13
2025-05-31,Aremania,47
2025-06-01,Aremania,62
2025-06-02,Aremania,81
2025-06-03,Aremania,216
2025-06-04,Aremania,362
2025-06-05,Aremania,22
2025-06-06,Aremania,29
2025-06-07,Aremania,435
2025-06-08,Aremania,455
2025-06-09,Aremania,474
2025-06-10,Aremania,378
2025-06-11,Aremania,153
2025-06-12,Aremania,87
2025-06-13,Aremania,364
2025-06-14,Aremania,389
2025-06-15,Aremania,228
2025-06-16,Aremania,88
2025-06-17,Aremania,114
2025-06-18,Aremania,30
2025-06-19,Aremania,46
2025-06-20,Aremania,21
2025-06-21,Aremania,18
2025-06-22,Aremania,45
2025-06-23,Aremania,28
2025-06-24,Aremania,22
2025-06-25,Aremania,28
2025-06-26,Aremania,25
2025-06-27,Aremania,25
2025-06-28,Aremania,21
2025-06-29,Aremania,53
2025-06-30,Aremania,61
2025-07-01,Aremania,2060
2025-07-02,Aremania,1101
2025-07-03,Aremania,3828
2025-07-04,Aremania,4544
2025-07-05,Aremania,8117
2025-07-06,Aremania,1395
2025-07-07,Aremania,197
2025-07-08,Aremania,421
2025-07-09,Aremania,278
2025-07-10,Aremania,113
2025-07-11,Aremania,28
2025-07-12,Aremania,134
2025-07-13,Aremania,1217
2025-07-14,Aremania,8076
2025-07-15,Aremania,5542
2025-07-16,Aremania,1484
2025-07-17,Aremania,381
2025-07-18,Aremania,271
2025-07-19,Aremania,278
2025-07-20,Aremania,211
2025-07-21,Aremania,143
2025-07-22,Aremania,64
2025-07-23,Aremania,70
2025-07-24,Aremania,3772
2025-07-25,Aremania,5039
2025-07-26,Aremania,1186
2025-07-27,Aremania,83
2025-07-28,Aremania,277
2025-07-29,Aremania,149
2025-07-30,Aremania,82
2025-07-31,Aremania,29
2025-08-01,Aremania,52
2025-08-02,Aremania,33
2025-08-03,Aremania,34
2025-08-04,Aremania,29
2025-08-05,Aremania,16
2025-08-06,Aremania,35
2025-08-07,Aremania,12
2025-08-08,Aremania,28
2025-08-09,Aremania,428
2025-08-10,Aremania,3634
2025-08-11,Aremania,6504
2025-08-12,Aremania,741
2025-08-13,Aremania,393
2025-08-14,Aremania,421
2025-08-15,Aremania,864
2025-08-16,Aremania,1210
2025-08-17,Aremania,80
2025-08-18,Aremania,57
2025-08-19,Aremania,38
2025-08-20,Aremania,55
2025-08-21,Aremania,29
2025-08-22,Aremania,43
2025-08-23,Aremania,370
2025-08-24,Aremania,2334
2025-08-25,Aremania,1230
2025-08-26,Aremania,95
2025-08-27,Aremania,366
2025-08-28,Aremania,1893
2025-08-29,Aremania,1586
2025-08-30,Aremania,327
2025-08-31,Aremania,187
2025-09-01,Aremania,160
2025-09-02,Aremania,388
2025-09-03,Aremania,162
2025-09-04,Aremania,29
2025-09-05,Aremania,29
2025-09-06,Aremania,46
2025-09-07,Aremania,62
2025-09-08,Aremania,117
2025-09-09,Aremania,36
2025-09-10,Aremania,28
2025-09-11,Aremania,34
2025-09-12,Aremania,27
2025-09-13,Aremania,49
2025-09-14,Aremania,12
2025-09-15,Aremania,20
2025-09-16,Aremania,7
2025-09-17,Aremania,23
2025-09-18,Aremania,20
2025-09-19,Aremania,456
2025-09-20,Aremania,18817
2025-09-21,Aremania,9998
2025-09-22,Aremania,629
2025-09-23,Aremania,143
2025-09-24,Aremania,489
2025-09-25,Aremania,185
2025-09-26,Aremania,87
2025-09-27,Aremania,82
2025-09-28,Aremania,96
2025-09-29,Aremania,37
2025-09-30,Aremania,26
2025-10-01,Aremania,40
2025-10-02,Aremania,183
2025-10-03,Aremania,145
2025-10-04,Aremania,36
2025-10-05,Aremania,46
2025-10-06,Aremania,44
2025-10-07,Aremania,25
2025-10-08,Aremania,15
2025-10-09,Aremania,13
2025-10-10,Aremania,69
2025-10-11,Aremania,238
2025-10-12,Aremania,1184
2025-10-13,Aremania,713
2025-10-14,Aremania,427
2025-10-15,Aremania,44
2025-10-16,Aremania,39
2025-10-17,Aremania,36
2025-10-18,Aremania,39
2025-10-19,Aremania,12
2025-10-20,Aremania,14
2025-10-21,Aremania,24
2025-10-22,Aremania,28
2025-10-23,Aremania,27
2025-10-24,Aremania,24
2025-10-25,Aremania,22
2025-10-26,Aremania,29
2025-10-27,Aremania,26
2025-10-28,Aremania,288
2025-10-29,Aremania,194
2025-10-30,Aremania,178
2025-10-31,Aremania,77
2025-11-01,Aremania,47
2025-11-02,Aremania,92
2025-11-03,Aremania,47
2025-11-04,Aremania,34
2025-11-05,Aremania,22
2025-11-06,Aremania,26
2025-11-07,Aremania,188
2025-11-08,Aremania,266
2025-11-09,Aremania,501
2025-11-10,Aremania,1043
2025-11-11,Aremania,327
2025-11-12,Aremania,136
2025-11-13,Aremania,69
2025-11-14,Aremania,148
2025-11-15,Aremania,96
2025-11-16,Aremania,52
2025-11-17,Aremania,18
2025-11-18,Aremania,86
2025-11-19,Aremania,64
2025-11-20,Aremania,69
2025-11-21,Aremania,356
2025-11-22,Aremania,310
2025-11-23,Aremania,82
2025-11-24,Aremania,233
2025-11-25,Aremania,216
2025-11-26,Aremania,189
2025-11-27,Aremania,37
2025-11-28,Aremania,34
2025-11-29,Aremania,148
2025-11-30,Aremania,46
2025-12-01,Aremania,33
2025-12-02,Aremania,529
2025-12-03,Aremania,473
2025-12-04,Aremania,128
2025-12-05,Aremania,379
2025-12-06,Aremania,455
2025-12-07,Aremania,134
2025-12-08,Aremania,88
2025-12-09,Aremania,71
2025-12-10,Aremania,25
2025-12-11,Aremania,57
2025-12-12,Aremania,42
2025-12-13,Aremania,24
2025-12-14,Aremania,19
2025-12-15,Aremania,21
2025-12-16,Aremania,50
2025-12-17,Aremania,47
2025-12-18,Aremania,22
2025-12-19,Aremania,30
2025-12-20,Aremania,26
2025-12-21,Aremania,34
2025-12-22,Aremania,48
2025-12-23,Aremania,51
2025-12-24,Aremania,21
2025-12-25,Aremania,18
2025-12-26,Aremania,32
2025-12-27,Aremania,24
2025-12-28,Aremania,16
2025-12-29,Aremania,26
2025-12-30,Aremania,52
2025-12-31,Aremania,26
2026-01-01,Aremania,32
2026-01-02,Aremania,72
2026-01-03,Aremania,58
2026-01-04,Aremania,37
2026-01-05,Aremania,46
2026-01-06,Aremania,63
2026-01-07,Aremania,68
2026-01-08,Aremania,579
2026-01-09,Aremania,198
2026-01-10,Aremania,60
2026-01-11,Aremania,88
2026-01-12,Aremania,49
2026-01-13,Aremania,51
2026-01-14,Aremania,651
2026-01-15,Aremania,250
2026-01-16,Aremania,54
2026-01-17,Aremania,272
2026-01-18,Aremania,279
2026-01-19,Aremania,160
2026-01-20,Aremania,521
2026-01-21,Aremania,261
2026-01-22,Aremania,104
2026-01-23,Aremania,30
2026-01-24,Aremania,54
2026-01-25,Aremania,54
2026-01-26,Aremania,45
2026-01-27,Aremania,99
2026-01-28,Aremania,61
2026-01-29,Aremania,71
2026-01-30,Aremania,104
2026-01-31,Aremania,79
2026-02-01,Aremania,55
2026-02-02,Aremania,68
2026-02-03,Aremania,34
2026-02-04,Aremania,59
2026-02-05,Aremania,51
2026-02-06,Aremania,21
2026-02-07,Aremania,10
2026-02-08,Aremania,530
2026-02-09,Aremania,844
2026-02-10,Aremania,360
2026-02-11,Aremania,430
2026-02-12,Aremania,89
2026-02-13,Aremania,340
2026-02-14,Aremania,211
2026-02-15,Aremania,193
2026-02-16,Aremania,340
2026-02-17,Aremania,785
2026-02-18,Aremania,6713
2026-02-19,Aremania,6320
2026-02-20,Aremania,1242
2026-02-21,Aremania,161
2026-02-22,Aremania,68
2026-02-23,Aremania,67
2026-02-24,Aremania,51
2026-02-25,Aremania,46
2026-02-26,Aremania,209
2026-02-27,Aremania,39
2026-02-28,Aremania,20
2026-03-01,Aremania,24
2026-03-02,Aremania,224
2026-03-03,Aremania,420
2026-03-04,Aremania,85
2026-03-05,Aremania,73
2026-03-06,Aremania,62
2026-03-07,Aremania,31
2026-03-08,Aremania,27
2026-03-09,Aremania,13
2026-03-10,Aremania,21
2026-03-11,Aremania,23
2026-03-12,Aremania,35
2026-03-13,Aremania,28
2026-03-14,Aremania,170
2026-03-15,Aremania,163
2026-03-16,Aremania,122
2026-03-17,Aremania,85
2026-03-18,Aremania,28
2026-03-19,Aremania,23
2026-03-20,Aremania,18
2026-03-21,Aremania,23
2026-03-22,Aremania,8
2026-03-23,Aremania,4
2026-03-24,Aremania,14
2026-03-25,Aremania,18
2026-03-26,Aremania,8
2026-03-27,Aremania,10
2026-03-28,Aremania,20
2026-03-29,Aremania,7
2026-03-30,Aremania,4
2026-03-31,Aremania,8
2026-04-01,Aremania,32
2026-04-02,Aremania,119
2026-04-03,Aremania,64
2026-04-04,Aremania,23
2026-04-05,Aremania,26
2026-04-06,Aremania,35
2026-04-07,Aremania,13
2026-04-08,Aremania,22
2026-04-09,Aremania,24
2026-04-10,Aremania,14
2026-04-11,Aremania,5
2026-04-12,Aremania,11
2026-04-13,Aremania,67
2026-04-14,Aremania,65
2026-04-15,Aremania,13
2026-04-16,Aremania,169
2026-04-17,Aremania,350
2026-04-18,Aremania,162
2026-04-19,Aremania,31
2026-04-20,Aremania,101
2026-04-21,Aremania,61
2026-04-22,Aremania,391
2026-04-23,Aremania,126
2026-04-24,Aremania,459
2026-04-25,Aremania,64
2026-04-26,Aremania,395
2026-04-27,Aremania,181
2026-04-28,Aremania,82
2026-04-29,Aremania,33
2026-04-30,Aremania,60
2025-04-30,Berita Arema,1258
2025-05-01,Berita Arema,1843
2025-05-02,Berita Arema,2184
2025-05-03,Berita Arema,29692
2025-05-04,Berita Arema,3283
2025-05-05,Berita Arema,1555
2025-05-06,Berita Arema,774
2025-05-07,Berita Arema,2066
2025-05-08,Berita Arema,2180
2025-05-09,Berita Arema,33599
2025-05-10,Berita Arema,4745
2025-05-11,Berita Arema,4718
2025-05-12,Berita Arema,982
2025-05-13,Berita Arema,1616
2025-05-14,Berita Arema,3183
2025-05-15,Berita Arema,29022
2025-05-16,Berita Arema,2004
2025-05-17,Berita Arema,17519
2025-05-18,Berita Arema,21066
2025-05-19,Berita Arema,9142
2025-05-20,Berita Arema,4252
2025-05-21,Berita Arema,2495
2025-05-22,Berita Arema,1911
2025-05-23,Berita Arema,7560
2025-05-24,Berita Arema,11774
2025-05-25,Berita Arema,3978
2025-05-26,Berita Arema,2445
2025-05-27,Berita Arema,8720
2025-05-28,Berita Arema,576
2025-05-29,Berita Arema,16
2025-05-30,Berita Arema,2526
2025-05-31,Berita Arema,13815
2025-06-01,Berita Arema,15094
2025-06-02,Berita Arema,13270
2025-06-03,Berita Arema,6554
2025-06-04,Berita Arema,2760
2025-06-05,Berita Arema,1859
2025-06-06,Berita Arema,1933
2025-06-07,Berita Arema,1033
2025-06-08,Berita Arema,1580
2025-06-09,Berita Arema,4121
2025-06-10,Berita Arema,6329
2025-06-11,Berita Arema,14582
2025-06-12,Berita Arema,4252
2025-06-13,Berita Arema,2659
2025-06-14,Berita Arema,5285
2025-06-15,Berita Arema,6716
2025-06-16,Berita Arema,16542
2025-06-17,Berita Arema,47389
2025-06-18,Berita Arema,20217
2025-06-19,Berita Arema,5774
2025-06-20,Berita Arema,18377
2025-06-21,Berita Arema,5849
2025-06-22,Berita Arema,7560
2025-06-23,Berita Arema,39056
2025-06-24,Berita Arema,11257
2025-06-25,Berita Arema,11497
2025-06-26,Berita Arema,5433
2025-06-27,Berita Arema,22130
2025-06-28,Berita Arema,9136
2025-06-29,Berita Arema,15382
2025-06-30,Berita Arema,10239
2025-07-01,Berita Arema,41360
2025-07-02,Berita Arema,47296
2025-07-03,Berita Arema,31114
2025-07-04,Berita Arema,24199
2025-07-05,Berita Arema,40264
2025-07-06,Berita Arema,27081
2025-07-07,Berita Arema,5700
2025-07-08,Berita Arema,6172
2025-07-09,Berita Arema,5871
2025-07-10,Berita Arema,6517
2025-07-11,Berita Arema,2100
2025-07-12,Berita Arema,3190
2025-07-13,Berita Arema,47412
2025-07-14,Berita Arema,35974
2025-07-15,Berita Arema,21172
2025-07-16,Berita Arema,8708
2025-07-17,Berita Arema,4103
2025-07-18,Berita Arema,5402
2025-07-19,Berita Arema,3071
2025-07-20,Berita Arema,23715
2025-07-21,Berita Arema,20852
2025-07-22,Berita Arema,33704
2025-07-23,Berita Arema,13180
2025-07-24,Berita Arema,14648
2025-07-25,Berita Arema,13012
2025-07-26,Berita Arema,4885
2025-07-27,Berita Arema,1071
2025-07-28,Berita Arema,2575
2025-07-29,Berita Arema,2077
2025-07-30,Berita Arema,4107
2025-07-31,Berita Arema,3445
2025-08-01,Berita Arema,13920
2025-08-02,Berita Arema,10028
2025-08-03,Berita Arema,4323
2025-08-04,Berita Arema,6375
2025-08-05,Berita Arema,15149
2025-08-06,Berita Arema,9240
2025-08-07,Berita Arema,4871
2025-08-08,Berita Arema,9616
2025-08-09,Berita Arema,17366
2025-08-10,Berita Arema,16590
2025-08-11,Berita Arema,17698
2025-08-12,Berita Arema,3831
2025-08-13,Berita Arema,2613
2025-08-14,Berita Arema,2042
2025-08-15,Berita Arema,4227
2025-08-16,Berita Arema,5817
2025-08-17,Berita Arema,2334
2025-08-18,Berita Arema,11032
2025-08-19,Berita Arema,12187
2025-08-20,Berita Arema,8042
2025-08-21,Berita Arema,1456
2025-08-22,Berita Arema,3687
2025-08-23,Berita Arema,11396
2025-08-24,Berita Arema,16607
2025-08-25,Berita Arema,14705
2025-08-26,Berita Arema,7275
2025-08-27,Berita Arema,6520
2025-08-28,Berita Arema,12114
2025-08-29,Berita Arema,14868
2025-08-30,Berita Arema,11607
2025-08-31,Berita Arema,5363
2025-09-01,Berita Arema,2240
2025-09-02,Berita Arema,4706
2025-09-03,Berita Arema,3337
2025-09-04,Berita Arema,7972
2025-09-05,Berita Arema,9966
2025-09-06,Berita Arema,25774
2025-09-07,Berita Arema,17677
2025-09-08,Berita Arema,4388
2025-09-09,Berita Arema,3709
2025-09-10,Berita Arema,1872
2025-09-11,Berita Arema,2378
2025-09-12,Berita Arema,34163
2025-09-13,Berita Arema,12868
2025-09-14,Berita Arema,1416
2025-09-15,Berita Arema,1398
2025-09-16,Berita Arema,2344
2025-09-17,Berita Arema,2650
2025-09-18,Berita Arema,3652
2025-09-19,Berita Arema,1510
2025-09-20,Berita Arema,8860
2025-09-21,Berita Arema,7669
2025-09-22,Berita Arema,1354
2025-09-23,Berita Arema,589
2025-09-24,Berita Arema,613
2025-09-25,Berita Arema,542
2025-09-26,Berita Arema,414
2025-09-27,Berita Arema,5296
2025-09-28,Berita Arema,3431
2025-09-29,Berita Arema,1228
2025-09-30,Berita Arema,1119
2025-10-01,Berita Arema,728
2025-10-02,Berita Arema,574
2025-10-03,Berita Arema,590
2025-10-04,Berita Arema,697
2025-10-05,Berita Arema,616
2025-10-06,Berita Arema,1112
2025-10-07,Berita Arema,759
2025-10-08,Berita Arema,443
2025-10-09,Berita Arema,604
2025-10-10,Berita Arema,661
2025-10-11,Berita Arema,527
2025-10-12,Berita Arema,5522
2025-10-13,Berita Arema,3713
2025-10-14,Berita Arema,614
2025-10-15,Berita Arema,434
2025-10-16,Berita Arema,563
2025-10-17,Berita Arema,943
2025-10-18,Berita Arema,2205
2025-10-19,Berita Arema,2659
2025-10-20,Berita Arema,616
2025-10-21,Berita Arema,1412
2025-10-22,Berita Arema,1106
2025-10-23,Berita Arema,1019
2025-10-24,Berita Arema,628
2025-10-25,Berita Arema,598
2025-10-26,Berita Arema,1014
2025-10-27,Berita Arema,546
2025-10-28,Berita Arema,1012
2025-10-29,Berita Arema,901
2025-10-30,Berita Arema,548
2025-10-31,Berita Arema,1018
2025-11-01,Berita Arema,2259
2025-11-02,Berita Arema,9123
2025-11-03,Berita Arema,4192
2025-11-04,Berita Arema,1403
2025-11-05,Berita Arema,1827
2025-11-06,Berita Arema,1514
2025-11-07,Berita Arema,1155
2025-11-08,Berita Arema,1310
2025-11-09,Berita Arema,980
2025-11-10,Berita Arema,1419
2025-11-11,Berita Arema,946
2025-11-12,Berita Arema,823
2025-11-13,Berita Arema,449
2025-11-14,Berita Arema,431
2025-11-15,Berita Arema,496
2025-11-16,Berita Arema,879
2025-11-17,Berita Arema,1765
2025-11-18,Berita Arema,811
2025-11-19,Berita Arema,588
2025-11-20,Berita Arema,413
2025-11-21,Berita Arema,918
2025-11-22,Berita Arema,1632
2025-11-23,Berita Arema,968
2025-11-24,Berita Arema,2017
2025-11-25,Berita Arema,2039
2025-11-26,Berita Arema,1740
2025-11-27,Berita Arema,1327
2025-11-28,Berita Arema,961
2025-11-29,Berita Arema,1186
2025-11-30,Berita Arema,560
2025-12-01,Berita Arema,751
2025-12-02,Berita Arema,913
2025-12-03,Berita Arema,704
2025-12-04,Berita Arema,606
2025-12-05,Berita Arema,1054
2025-12-06,Berita Arema,499
2025-12-07,Berita Arema,630
2025-12-08,Berita Arema,609
2025-12-09,Berita Arema,612
2025-12-10,Berita Arema,236
2025-12-11,Berita Arema,1435
2025-12-12,Berita Arema,1283
2025-12-13,Berita Arema,951
2025-12-14,Berita Arema,747
2025-12-15,Berita Arema,491
2025-12-16,Berita Arema,626
2025-12-17,Berita Arema,1253
2025-12-18,Berita Arema,1259
2025-12-19,Berita Arema,1908
2025-12-20,Berita Arema,10006
2025-12-21,Berita Arema,5346
2025-12-22,Berita Arema,1728
2025-12-23,Berita Arema,1838
2025-12-24,Berita Arema,570
2025-12-25,Berita Arema,1101
2025-12-26,Berita Arema,1190
2025-12-27,Berita Arema,575
2025-12-28,Berita Arema,938
2025-12-29,Berita Arema,1486
2025-12-30,Berita Arema,1210
2025-12-31,Berita Arema,513
2026-01-01,Berita Arema,947
2026-01-02,Berita Arema,998
2026-01-03,Berita Arema,1290
2026-01-04,Berita Arema,2724
2026-01-05,Berita Arema,831
2026-01-06,Berita Arema,503
2026-01-07,Berita Arema,556
2026-01-08,Berita Arema,963
2026-01-09,Berita Arema,1143
2026-01-10,Berita Arema,1553
2026-01-11,Berita Arema,1167
2026-01-12,Berita Arema,720
2026-01-13,Berita Arema,973
2026-01-14,Berita Arema,3859
2026-01-15,Berita Arema,4227
2026-01-16,Berita Arema,3992
2026-01-17,Berita Arema,3289
2026-01-18,Berita Arema,2387
2026-01-19,Berita Arema,2808
2026-01-20,Berita Arema,3484
2026-01-21,Berita Arema,6957
2026-01-22,Berita Arema,3310
2026-01-23,Berita Arema,3170
2026-01-24,Berita Arema,12993
2026-01-25,Berita Arema,11894
2026-01-26,Berita Arema,4954
2026-01-27,Berita Arema,3868
2026-01-28,Berita Arema,2869
2026-01-29,Berita Arema,5244
2026-01-30,Berita Arema,10231
2026-01-31,Berita Arema,3791
2026-02-01,Berita Arema,14967
2026-02-02,Berita Arema,8820
2026-02-03,Berita Arema,2912
2026-02-04,Berita Arema,1800
2026-02-05,Berita Arema,2097
2026-02-06,Berita Arema,2652
2026-02-07,Berita Arema,16387
2026-02-08,Berita Arema,11819
2026-02-09,Berita Arema,7164
2026-02-10,Berita Arema,2337
2026-02-11,Berita Arema,1791
2026-02-12,Berita Arema,2119
2026-02-13,Berita Arema,4256
2026-02-14,Berita Arema,3471
2026-02-15,Berita Arema,2368
2026-02-16,Berita Arema,2696
2026-02-17,Berita Arema,2226
2026-02-18,Berita Arema,3501
2026-02-19,Berita Arema,7649
2026-02-20,Berita Arema,5380
2026-02-21,Berita Arema,9546
2026-02-22,Berita Arema,7224
2026-02-23,Berita Arema,2306
2026-02-24,Berita Arema,30647
2026-02-25,Berita Arema,23541
2026-02-26,Berita Arema,9238
2026-02-27,Berita Arema,1723
2026-02-28,Berita Arema,820
2026-03-01,Berita Arema,1017
2026-03-02,Berita Arema,1020
2026-03-03,Berita Arema,831
2026-03-04,Berita Arema,837
2026-03-05,Berita Arema,728
2026-03-06,Berita Arema,1264
2026-03-07,Berita Arema,562
2026-03-08,Berita Arema,1142
2026-03-09,Berita Arema,995
2026-03-10,Berita Arema,1122
2026-03-11,Berita Arema,702
2026-03-12,Berita Arema,540
2026-03-13,Berita Arema,252
2026-03-14,Berita Arema,506
2026-03-15,Berita Arema,558
2026-03-16,Berita Arema,744
2026-03-17,Berita Arema,561
2026-03-18,Berita Arema,350
2026-03-19,Berita Arema,258
2026-03-20,Berita Arema,195
2026-03-21,Berita Arema,202
2026-03-22,Berita Arema,167
2026-03-23,Berita Arema,157
2026-03-24,Berita Arema,487
2026-03-25,Berita Arema,683
2026-03-26,Berita Arema,556
2026-03-27,Berita Arema,455
2026-03-28,Berita Arema,282
2026-03-29,Berita Arema,2110
2026-03-30,Berita Arema,8879
2026-03-31,Berita Arema,10391
2026-04-01,Berita Arema,4184
2026-04-02,Berita Arema,1789
2026-04-03,Berita Arema,2152
2026-04-04,Berita Arema,3377
2026-04-05,Berita Arema,3147
2026-04-06,Berita Arema,1863
2026-04-07,Berita Arema,1378
2026-04-08,Berita Arema,1638
2026-04-09,Berita Arema,1637
2026-04-10,Berita Arema,1013
2026-04-11,Berita Arema,472
2026-04-12,Berita Arema,449
2026-04-13,Berita Arema,1207
2026-04-14,Berita Arema,783
2026-04-15,Berita Arema,750
2026-04-16,Berita Arema,696
2026-04-17,Berita Arema,545
2026-04-18,Berita Arema,402
2026-04-19,Berita Arema,468
2026-04-20,Berita Arema,693
2026-04-21,Berita Arema,968
2026-04-22,Berita Arema,1565
2026-04-23,Berita Arema,1746
2026-04-24,Berita Arema,2064
2026-04-25,Berita Arema,841
2026-04-26,Berita Arema,865
2026-04-27,Berita Arema,1066
2026-04-28,Berita Arema,1345
2026-04-29,Berita Arema,503
2026-04-30,Berita Arema,310
2025-04-30,Bursa Transfer,6
2025-05-03,Bursa Transfer,2
2025-05-04,Bursa Transfer,2
2025-05-07,Bursa Transfer,2
2025-05-08,Bursa Transfer,2
2025-05-11,Bursa Transfer,2
2025-05-12,Bursa Transfer,2
2025-05-13,Bursa Transfer,8
2025-05-15,Bursa Transfer,2
2025-05-17,Bursa Transfer,2
2025-05-18,Bursa Transfer,2
2025-05-19,Bursa Transfer,4
2025-05-20,Bursa Transfer,2
2025-05-21,Bursa Transfer,2
2025-05-22,Bursa Transfer,2
2025-05-23,Bursa Transfer,2
2025-05-28,Bursa Transfer,2
2025-05-30,Bursa Transfer,4
2025-06-01,Bursa Transfer,1
2025-06-02,Bursa Transfer,2
2025-06-03,Bursa Transfer,2
2025-06-04,Bursa Transfer,2
2025-06-05,Bursa Transfer,4
2025-06-06,Bursa Transfer,2
2025-06-12,Bursa Transfer,2
2025-06-13,Bursa Transfer,2
2025-06-14,Bursa Transfer,5
2025-06-15,Bursa Transfer,4
2025-06-17,Bursa Transfer,2
2025-06-18,Bursa Transfer,2
2025-06-19,Bursa Transfer,2
2025-06-20,Bursa Transfer,2
2025-06-21,Bursa Transfer,4
2025-06-23,Bursa Transfer,2
2025-06-24,Bursa Transfer,2
2025-06-26,Bursa Transfer,9
2025-06-27,Bursa Transfer,1
2025-06-28,Bursa Transfer,4
2025-06-29,Bursa Transfer,6
2025-06-30,Bursa Transfer,4
2025-07-02,Bursa Transfer,4
2025-07-03,Bursa Transfer,2
2025-07-05,Bursa Transfer,2
2025-07-06,Bursa Transfer,6
2025-07-07,Bursa Transfer,2
2025-07-08,Bursa Transfer,2
2025-07-10,Bursa Transfer,2
2025-07-11,Bursa Transfer,6
2025-07-12,Bursa Transfer,2
2025-07-18,Bursa Transfer,8
2025-07-19,Bursa Transfer,2
2025-07-20,Bursa Transfer,2
2025-07-21,Bursa Transfer,4
2025-07-24,Bursa Transfer,8
2025-07-25,Bursa Transfer,4
2025-07-27,Bursa Transfer,5
2025-07-29,Bursa Transfer,8
2025-07-31,Bursa Transfer,2
2025-08-01,Bursa Transfer,4
2025-08-02,Bursa Transfer,2
2025-08-03,Bursa Transfer,2
2025-08-04,Bursa Transfer,6
2025-08-08,Bursa Transfer,4
2025-08-09,Bursa Transfer,8
2025-08-10,Bursa Transfer,2
2025-08-11,Bursa Transfer,4
2025-08-13,Bursa Transfer,8
2025-08-16,Bursa Transfer,2
2025-08-18,Bursa Transfer,4
2025-08-20,Bursa Transfer,2
2025-08-21,Bursa Transfer,2
2025-08-22,Bursa Transfer,4
2025-08-23,Bursa Transfer,6
2025-08-26,Bursa Transfer,4
2025-08-28,Bursa Transfer,2
2025-08-29,Bursa Transfer,4
2025-08-30,Bursa Transfer,4
2025-08-31,Bursa Transfer,2
2025-09-01,Bursa Transfer,5
2025-09-04,Bursa Transfer,2
2025-09-05,Bursa Transfer,2
2025-09-06,Bursa Transfer,2
2025-09-09,Bursa Transfer,2
2025-09-10,Bursa Transfer,4
2025-09-11,Bursa Transfer,3
2025-09-12,Bursa Transfer,2
2025-09-13,Bursa Transfer,12
2025-09-14,Bursa Transfer,4
2025-09-15,Bursa Transfer,4
2025-09-16,Bursa Transfer,2
2025-09-17,Bursa Transfer,2
2025-09-18,Bursa Transfer,6
2025-09-19,Bursa Transfer,4
2025-09-22,Bursa Transfer,2
2025-09-24,Bursa Transfer,2
2025-09-26,Bursa Transfer,2
2025-09-27,Bursa Transfer,4
2025-09-28,Bursa Transfer,2
2025-09-29,Bursa Transfer,2
2025-09-30,Bursa Transfer,2
2025-10-01,Bursa Transfer,6
2025-10-02,Bursa Transfer,2
2025-10-03,Bursa Transfer,2
2025-10-05,Bursa Transfer,4
2025-10-10,Bursa Transfer,2
2025-10-11,Bursa Transfer,6
2025-10-12,Bursa Transfer,2
2025-10-13,Bursa Transfer,4
2025-10-15,Bursa Transfer,2
2025-10-16,Bursa Transfer,4
2025-10-19,Bursa Transfer,5
2025-10-20,Bursa Transfer,10
2025-10-21,Bursa Transfer,5
2025-10-22,Bursa Transfer,3
2025-10-24,Bursa Transfer,4
2025-10-25,Bursa Transfer,8
2025-10-26,Bursa Transfer,4
2025-10-27,Bursa Transfer,10
2025-10-28,Bursa Transfer,13
2025-10-29,Bursa Transfer,11
2025-10-31,Bursa Transfer,4
2025-11-02,Bursa Transfer,2
2025-11-03,Bursa Transfer,6
2025-11-04,Bursa Transfer,6
2025-11-05,Bursa Transfer,5
2025-11-06,Bursa Transfer,6
2025-11-08,Bursa Transfer,2
2025-11-09,Bursa Transfer,2
2025-11-10,Bursa Transfer,4
2025-11-11,Bursa Transfer,4
2025-11-14,Bursa Transfer,6
2025-11-15,Bursa Transfer,5
2025-11-16,Bursa Transfer,4
2025-11-17,Bursa Transfer,8
2025-11-18,Bursa Transfer,23
2025-11-19,Bursa Transfer,2
2025-11-21,Bursa Transfer,5
2025-11-22,Bursa Transfer,16
2025-11-23,Bursa Transfer,12
2025-11-24,Bursa Transfer,4
2025-11-26,Bursa Transfer,6
2025-11-27,Bursa Transfer,8
2025-11-28,Bursa Transfer,1
2025-11-29,Bursa Transfer,10
2025-11-30,Bursa Transfer,2
2025-12-01,Bursa Transfer,0
2025-12-02,Bursa Transfer,5
2025-12-03,Bursa Transfer,9
2025-12-04,Bursa Transfer,2
2025-12-05,Bursa Transfer,6
2025-12-06,Bursa Transfer,1
2025-12-07,Bursa Transfer,5
2025-12-09,Bursa Transfer,1
2025-12-11,Bursa Transfer,8
2025-12-12,Bursa Transfer,8
2025-12-13,Bursa Transfer,2
2025-12-15,Bursa Transfer,0
2025-12-16,Bursa Transfer,1
2025-12-17,Bursa Transfer,2
2025-12-19,Bursa Transfer,4
2025-12-24,Bursa Transfer,2
2025-12-25,Bursa Transfer,2
2025-12-28,Bursa Transfer,1
2025-12-29,Bursa Transfer,6
2025-12-30,Bursa Transfer,6
2025-12-31,Bursa Transfer,7
2026-01-01,Bursa Transfer,9
2026-01-04,Bursa Transfer,6
2026-01-05,Bursa Transfer,2
2026-01-06,Bursa Transfer,1
2026-01-07,Bursa Transfer,8
2026-01-08,Bursa Transfer,6
2026-01-09,Bursa Transfer,2
2026-01-10,Bursa Transfer,9
2026-01-11,Bursa Transfer,4
2026-01-12,Bursa Transfer,5
2026-01-13,Bursa Transfer,2
2026-01-15,Bursa Transfer,8
2026-01-16,Bursa Transfer,3
2026-01-17,Bursa Transfer,12
2026-01-18,Bursa Transfer,4
2026-01-19,Bursa Transfer,7
2026-01-20,Bursa Transfer,8
2026-01-21,Bursa Transfer,8
2026-01-22,Bursa Transfer,8
2026-01-23,Bursa Transfer,8
2026-01-24,Bursa Transfer,4
2026-01-25,Bursa Transfer,7
2026-01-26,Bursa Transfer,16
2026-01-27,Bursa Transfer,8
2026-01-28,Bursa Transfer,6
2026-01-29,Bursa Transfer,9
2026-01-30,Bursa Transfer,7
2026-01-31,Bursa Transfer,3
2026-02-01,Bursa Transfer,4
2026-02-02,Bursa Transfer,12
2026-02-03,Bursa Transfer,10
2026-02-04,Bursa Transfer,9
2026-02-05,Bursa Transfer,9
2026-02-06,Bursa Transfer,7
2026-02-07,Bursa Transfer,14
2026-02-08,Bursa Transfer,2
2026-02-09,Bursa Transfer,4
2026-02-10,Bursa Transfer,4
2026-02-11,Bursa Transfer,6
2026-02-12,Bursa Transfer,2
2026-02-15,Bursa Transfer,8
2026-02-16,Bursa Transfer,4
2026-02-17,Bursa Transfer,2
2026-02-18,Bursa Transfer,6
2026-02-19,Bursa Transfer,2
2026-02-20,Bursa Transfer,6
2026-02-21,Bursa Transfer,2
2026-02-22,Bursa Transfer,4
2026-02-23,Bursa Transfer,2
2026-02-24,Bursa Transfer,2
2026-02-25,Bursa Transfer,4
2026-02-26,Bursa Transfer,4
2026-02-27,Bursa Transfer,2
2026-02-28,Bursa Transfer,4
2026-03-01,Bursa Transfer,1
2026-03-02,Bursa Transfer,4
2026-03-03,Bursa Transfer,3
2026-03-04,Bursa Transfer,3
2026-03-07,Bursa Transfer,2
2026-03-08,Bursa Transfer,6
2026-03-09,Bursa Transfer,1
2026-03-10,Bursa Transfer,3
2026-03-11,Bursa Transfer,1
2026-03-12,Bursa Transfer,3
2026-03-13,Bursa Transfer,5
2026-03-14,Bursa Transfer,0
2026-03-16,Bursa Transfer,2
2026-03-17,Bursa Transfer,5
2026-03-18,Bursa Transfer,4
2026-03-20,Bursa Transfer,6
2026-03-21,Bursa Transfer,3
2026-03-22,Bursa Transfer,3
2026-03-24,Bursa Transfer,4
2026-03-25,Bursa Transfer,4
2026-03-26,Bursa Transfer,4
2026-03-27,Bursa Transfer,2
2026-03-28,Bursa Transfer,4
2026-03-30,Bursa Transfer,6
2026-04-01,Bursa Transfer,2
2026-04-03,Bursa Transfer,8
2026-04-04,Bursa Transfer,8
2026-04-05,Bursa Transfer,2
2026-04-06,Bursa Transfer,2
2026-04-07,Bursa Transfer,6
2026-04-08,Bursa Transfer,16
2026-04-10,Bursa Transfer,11
2026-04-11,Bursa Transfer,4
2026-04-13,Bursa Transfer,2
2026-04-14,Bursa Transfer,2
2026-04-16,Bursa Transfer,2
2026-04-17,Bursa Transfer,2
2026-04-18,Bursa Transfer,2
2026-04-19,Bursa Transfer,2
2026-04-20,Bursa Transfer,6
2026-04-21,Bursa Transfer,5
2026-04-23,Bursa Transfer,2
2026-04-26,Bursa Transfer,2
2026-04-27,Bursa Transfer,6
2026-04-28,Bursa Transfer,3
2026-04-30,Bursa Transfer,5
2025-05-26,E-Football,2
2025-06-08,E-Football,2
2025-08-25,E-Football,42
2025-08-26,E-Football,512
2025-08-27,E-Football,160
2025-08-28,E-Football,2
2025-11-09,E-Football,4
2025-11-10,E-Football,2
2025-11-14,E-Football,2
2025-11-28,E-Football,1
2025-12-18,E-Football,1
2025-12-20,E-Football,5
2025-12-24,E-Football,4
2025-12-26,E-Football,2
2025-12-27,E-Football,2
2025-12-29,E-Football,0
2025-12-30,E-Football,2
2026-01-04,E-Football,1
2026-01-21,E-Football,3
2026-01-25,E-Football,1
2026-01-26,E-Football,2
2026-01-27,E-Football,8
2026-01-28,E-Football,9
2026-01-29,E-Football,7
2026-01-30,E-Football,14
2026-01-31,E-Football,4
2026-02-01,E-Football,3
2026-02-04,E-Football,3
2026-02-05,E-Football,1
2026-02-10,E-Football,48
2026-02-11,E-Football,71
2026-02-12,E-Football,6
2026-02-13,E-Football,4
2026-02-16,E-Football,4
2026-02-20,E-Football,4
2026-03-18,E-Football,1
2026-04-29,E-Football,2
2025-04-30,Featured,9
2025-05-01,Featured,186
2025-05-02,Featured,133
2025-05-03,Featured,2872
2025-05-04,Featured,309
2025-05-05,Featured,15
2025-05-06,Featured,8
2025-05-07,Featured,22
2025-05-08,Featured,6
2025-05-09,Featured,14
2025-05-10,Featured,2
2025-05-11,Featured,14
2025-05-12,Featured,7
2025-05-13,Featured,10
2025-05-14,Featured,10
2025-05-15,Featured,8
2025-05-16,Featured,12
2025-05-17,Featured,23
2025-05-18,Featured,24
2025-05-20,Featured,10
2025-05-21,Featured,22
2025-05-22,Featured,8
2025-05-23,Featured,7
2025-05-24,Featured,16
2025-05-25,Featured,8
2025-05-26,Featured,13
2025-05-27,Featured,2
2025-05-28,Featured,6
2025-05-30,Featured,4
2025-05-31,Featured,16
2025-06-01,Featured,10
2025-06-02,Featured,8
2025-06-03,Featured,4
2025-06-04,Featured,17
2025-06-05,Featured,7
2025-06-06,Featured,8
2025-06-07,Featured,9
2025-06-08,Featured,6
2025-06-09,Featured,2
2025-06-11,Featured,10
2025-06-12,Featured,8
2025-06-13,Featured,6
2025-06-14,Featured,6
2025-06-15,Featured,2
2025-06-16,Featured,4
2025-06-17,Featured,75
2025-06-18,Featured,26
2025-06-20,Featured,9
2025-06-21,Featured,2
2025-06-22,Featured,6
2025-06-23,Featured,4
2025-06-24,Featured,6
2025-06-25,Featured,23
2025-06-26,Featured,8
2025-06-27,Featured,484
2025-06-28,Featured,1316
2025-06-29,Featured,168
2025-06-30,Featured,63
2025-07-01,Featured,39
2025-07-02,Featured,26
2025-07-03,Featured,35
2025-07-04,Featured,4
2025-07-05,Featured,6
2025-07-06,Featured,28
2025-07-07,Featured,14
2025-07-08,Featured,6
2025-07-09,Featured,20
2025-07-10,Featured,9
2025-07-11,Featured,6
2025-07-12,Featured,8
2025-07-13,Featured,14
2025-07-14,Featured,9
2025-07-15,Featured,10
2025-07-16,Featured,20
2025-07-18,Featured,8
2025-07-19,Featured,10
2025-07-20,Featured,14
2025-07-21,Featured,2
2025-07-22,Featured,6
2025-07-23,Featured,13
2025-07-24,Featured,4
2025-07-25,Featured,8
2025-07-26,Featured,6
2025-07-27,Featured,8
2025-07-28,Featured,6
2025-07-29,Featured,8
2025-07-30,Featured,23
2025-07-31,Featured,6
2025-08-01,Featured,6
2025-08-02,Featured,8
2025-08-03,Featured,13
2025-08-04,Featured,8
2025-08-05,Featured,8
2025-08-06,Featured,12
2025-08-07,Featured,10
2025-08-08,Featured,12
2025-08-09,Featured,6
2025-08-10,Featured,2
2025-08-11,Featured,41
2025-08-12,Featured,16
2025-08-13,Featured,18
2025-08-14,Featured,8
2025-08-15,Featured,10
2025-08-16,Featured,8
2025-08-17,Featured,4
2025-08-18,Featured,2
2025-08-19,Featured,10
2025-08-20,Featured,10
2025-08-21,Featured,4
2025-08-22,Featured,6
2025-08-23,Featured,12
2025-08-24,Featured,14
2025-08-25,Featured,6
2025-08-26,Featured,5
2025-08-27,Featured,4
2025-08-28,Featured,13
2025-08-29,Featured,4
2025-08-30,Featured,6
2025-09-01,Featured,4
2025-09-02,Featured,2
2025-09-03,Featured,2
2025-09-04,Featured,8
2025-09-05,Featured,4
2025-09-06,Featured,6
2025-09-07,Featured,4
2025-09-08,Featured,6
2025-09-09,Featured,4
2025-09-11,Featured,8
2025-09-12,Featured,4
2025-09-13,Featured,13
2025-09-14,Featured,6
2025-09-15,Featured,2
2025-09-16,Featured,8
2025-09-17,Featured,6
2025-09-18,Featured,10
2025-09-19,Featured,6
2025-09-21,Featured,2
2025-09-22,Featured,12
2025-09-23,Featured,2
2025-09-24,Featured,10
2025-09-25,Featured,14
2025-09-26,Featured,2
2025-09-27,Featured,6
2025-09-28,Featured,14
2025-09-29,Featured,4
2025-09-30,Featured,2
2025-10-01,Featured,10
2025-10-02,Featured,2
2025-10-03,Featured,6
2025-10-04,Featured,12
2025-10-05,Featured,4
2025-10-06,Featured,8
2025-10-07,Featured,8
2025-10-08,Featured,10
2025-10-10,Featured,10
2025-10-11,Featured,18
2025-10-12,Featured,21
2025-10-13,Featured,9
2025-10-14,Featured,18
2025-10-15,Featured,6
2025-10-16,Featured,10
2025-10-17,Featured,8
2025-10-18,Featured,6
2025-10-19,Featured,4
2025-10-20,Featured,9
2025-10-21,Featured,2
2025-10-22,Featured,8
2025-10-23,Featured,14
2025-10-24,Featured,14
2025-10-25,Featured,4
2025-10-26,Featured,14
2025-10-27,Featured,21
2025-10-28,Featured,13
2025-10-29,Featured,5
2025-10-30,Featured,13
2025-10-31,Featured,6
2025-11-01,Featured,9
2025-11-02,Featured,12
2025-11-03,Featured,28
2025-11-04,Featured,13
2025-11-05,Featured,15
2025-11-06,Featured,17
2025-11-07,Featured,16
2025-11-08,Featured,25
2025-11-09,Featured,14
2025-11-10,Featured,23
2025-11-11,Featured,20
2025-11-12,Featured,6
2025-11-13,Featured,16
2025-11-14,Featured,18
2025-11-15,Featured,17
2025-11-16,Featured,25
2025-11-17,Featured,24
2025-11-18,Featured,10
2025-11-19,Featured,8
2025-11-20,Featured,18
2025-11-21,Featured,11
2025-11-22,Featured,15
2025-11-23,Featured,18
2025-11-24,Featured,4
2025-11-25,Featured,10
2025-11-26,Featured,10
2025-11-27,Featured,13
2025-11-28,Featured,5
2025-11-29,Featured,10
2025-11-30,Featured,6
2025-12-01,Featured,15
2025-12-02,Featured,20
2025-12-03,Featured,2
2025-12-04,Featured,7
2025-12-05,Featured,6
2025-12-06,Featured,6
2025-12-07,Featured,5
2025-12-08,Featured,5
2025-12-09,Featured,6
2025-12-10,Featured,2
2025-12-11,Featured,17
2025-12-12,Featured,10
2025-12-13,Featured,5
2025-12-14,Featured,8
2025-12-15,Featured,3
2025-12-16,Featured,13
2025-12-17,Featured,10
2025-12-18,Featured,5
2025-12-19,Featured,21
2025-12-20,Featured,2
2025-12-21,Featured,16
2025-12-22,Featured,12
2025-12-23,Featured,9
2025-12-24,Featured,2
2025-12-25,Featured,10
2025-12-26,Featured,10
2025-12-27,Featured,9
2025-12-28,Featured,10
2025-12-29,Featured,6
2025-12-30,Featured,6
2025-12-31,Featured,21
2026-01-01,Featured,15
2026-01-02,Featured,7
2026-01-03,Featured,5
2026-01-04,Featured,4
2026-01-05,Featured,12
2026-01-06,Featured,9
2026-01-07,Featured,9
2026-01-08,Featured,19
2026-01-09,Featured,14
2026-01-11,Featured,10
2026-01-12,Featured,6
2026-01-13,Featured,4
2026-01-14,Featured,11
2026-01-15,Featured,8
2026-01-16,Featured,12
2026-01-17,Featured,6
2026-01-18,Featured,16
2026-01-19,Featured,8
2026-01-20,Featured,13
2026-01-21,Featured,16
2026-01-22,Featured,12
2026-01-23,Featured,11
2026-01-24,Featured,8
2026-01-25,Featured,21
2026-01-26,Featured,18
2026-01-27,Featured,36
2026-01-28,Featured,60
2026-01-29,Featured,69
2026-01-30,Featured,170
2026-01-31,Featured,87
2026-02-01,Featured,51
2026-02-02,Featured,42
2026-02-03,Featured,18
2026-02-04,Featured,37
2026-02-05,Featured,149
2026-02-06,Featured,39
2026-02-07,Featured,12
2026-02-08,Featured,12
2026-02-09,Featured,20
2026-02-10,Featured,15
2026-02-11,Featured,10
2026-02-12,Featured,14
2026-02-13,Featured,11
2026-02-14,Featured,12
2026-02-15,Featured,13
2026-02-16,Featured,51
2026-02-17,Featured,36
2026-02-18,Featured,5
2026-02-19,Featured,6
2026-02-20,Featured,42
2026-02-21,Featured,29
2026-02-22,Featured,26
2026-02-23,Featured,8
2026-02-24,Featured,14
2026-02-25,Featured,12
2026-02-26,Featured,7
2026-02-27,Featured,4
2026-02-28,Featured,4
2026-03-01,Featured,8
2026-03-02,Featured,7
2026-03-03,Featured,20
2026-03-04,Featured,10
2026-03-05,Featured,17
2026-03-06,Featured,15
2026-03-07,Featured,12
2026-03-08,Featured,6
2026-03-09,Featured,6
2026-03-10,Featured,6
2026-03-12,Featured,6
2026-03-13,Featured,8
2026-03-14,Featured,1
2026-03-15,Featured,13
2026-03-16,Featured,3
2026-03-17,Featured,11
2026-03-18,Featured,12
2026-03-19,Featured,6
2026-03-20,Featured,2
2026-03-22,Featured,2
2026-03-23,Featured,7
2026-03-24,Featured,8
2026-03-25,Featured,2
2026-03-26,Featured,2
2026-03-27,Featured,2
2026-03-28,Featured,12
2026-03-29,Featured,2
2026-03-30,Featured,11
2026-03-31,Featured,6
2026-04-01,Featured,4
2026-04-02,Featured,2
2026-04-03,Featured,1
2026-04-04,Featured,2
2026-04-05,Featured,3
2026-04-06,Featured,6
2026-04-07,Featured,4
2026-04-08,Featured,5
2026-04-09,Featured,2
2026-04-10,Featured,6
2026-04-11,Featured,2
2026-04-13,Featured,84
2026-04-14,Featured,39
2026-04-15,Featured,7
2026-04-16,Featured,5
2026-04-17,Featured,10
2026-04-18,Featured,2
2026-04-19,Featured,8
2026-04-20,Featured,7
2026-04-21,Featured,6
2026-04-22,Featured,2
2026-04-23,Featured,3
2026-04-24,Featured,10
2026-04-25,Featured,6
2026-04-26,Featured,4
2026-04-27,Featured,2
2026-04-28,Featured,44
2026-04-29,Featured,6
2026-04-30,Featured,13
2025-04-30,Fokus / Analisis,12
2025-05-01,Fokus / Analisis,30
2025-05-02,Fokus / Analisis,39
2025-05-03,Fokus / Analisis,20
2025-05-04,Fokus / Analisis,6
2025-05-05,Fokus / Analisis,34
2025-05-06,Fokus / Analisis,38
2025-05-07,Fokus / Analisis,30
2025-05-08,Fokus / Analisis,14
2025-05-09,Fokus / Analisis,30
2025-05-10,Fokus / Analisis,21
2025-05-11,Fokus / Analisis,28
2025-05-12,Fokus / Analisis,26
2025-05-13,Fokus / Analisis,38
2025-05-14,Fokus / Analisis,23
2025-05-15,Fokus / Analisis,32
2025-05-16,Fokus / Analisis,21
2025-05-17,Fokus / Analisis,21
2025-05-18,Fokus / Analisis,51
2025-05-19,Fokus / Analisis,39
2025-05-20,Fokus / Analisis,28
2025-05-21,Fokus / Analisis,25
2025-05-22,Fokus / Analisis,72
2025-05-23,Fokus / Analisis,48
2025-05-24,Fokus / Analisis,56
2025-05-25,Fokus / Analisis,33
2025-05-26,Fokus / Analisis,43
2025-05-27,Fokus / Analisis,49
2025-05-28,Fokus / Analisis,10
2025-05-30,Fokus / Analisis,21
2025-05-31,Fokus / Analisis,18
2025-06-01,Fokus / Analisis,16
2025-06-02,Fokus / Analisis,32
2025-06-03,Fokus / Analisis,20
2025-06-04,Fokus / Analisis,28
2025-06-05,Fokus / Analisis,14
2025-06-06,Fokus / Analisis,10
2025-06-07,Fokus / Analisis,35
2025-06-08,Fokus / Analisis,13
2025-06-09,Fokus / Analisis,30
2025-06-10,Fokus / Analisis,28
2025-06-11,Fokus / Analisis,18
2025-06-12,Fokus / Analisis,16
2025-06-13,Fokus / Analisis,33
2025-06-14,Fokus / Analisis,30
2025-06-15,Fokus / Analisis,24
2025-06-16,Fokus / Analisis,36
2025-06-17,Fokus / Analisis,18
2025-06-18,Fokus / Analisis,16
2025-06-19,Fokus / Analisis,6
2025-06-20,Fokus / Analisis,18
2025-06-21,Fokus / Analisis,14
2025-06-22,Fokus / Analisis,37
2025-06-23,Fokus / Analisis,23
2025-06-24,Fokus / Analisis,28
2025-06-25,Fokus / Analisis,24
2025-06-26,Fokus / Analisis,20
2025-06-27,Fokus / Analisis,30
2025-06-28,Fokus / Analisis,20
2025-06-29,Fokus / Analisis,12
2025-06-30,Fokus / Analisis,26
2025-07-01,Fokus / Analisis,31
2025-07-02,Fokus / Analisis,22
2025-07-03,Fokus / Analisis,22
2025-07-04,Fokus / Analisis,34
2025-07-05,Fokus / Analisis,15
2025-07-06,Fokus / Analisis,28
2025-07-07,Fokus / Analisis,58
2025-07-08,Fokus / Analisis,60
2025-07-09,Fokus / Analisis,46
2025-07-10,Fokus / Analisis,141
2025-07-11,Fokus / Analisis,101
2025-07-12,Fokus / Analisis,794
2025-07-13,Fokus / Analisis,13710
2025-07-14,Fokus / Analisis,10614
2025-07-15,Fokus / Analisis,3328
2025-07-16,Fokus / Analisis,2862
2025-07-17,Fokus / Analisis,1322
2025-07-18,Fokus / Analisis,597
2025-07-19,Fokus / Analisis,504
2025-07-20,Fokus / Analisis,483
2025-07-21,Fokus / Analisis,195
2025-07-22,Fokus / Analisis,140
2025-07-23,Fokus / Analisis,381
2025-07-24,Fokus / Analisis,77
2025-07-25,Fokus / Analisis,27
2025-07-26,Fokus / Analisis,79
2025-07-27,Fokus / Analisis,55
2025-07-28,Fokus / Analisis,34
2025-07-29,Fokus / Analisis,45
2025-07-30,Fokus / Analisis,40
2025-07-31,Fokus / Analisis,33
2025-08-01,Fokus / Analisis,21
2025-08-02,Fokus / Analisis,26
2025-08-03,Fokus / Analisis,32
2025-08-04,Fokus / Analisis,49
2025-08-05,Fokus / Analisis,14
2025-08-06,Fokus / Analisis,43
2025-08-07,Fokus / Analisis,29
2025-08-08,Fokus / Analisis,79
2025-08-09,Fokus / Analisis,34
2025-08-10,Fokus / Analisis,48
2025-08-11,Fokus / Analisis,118
2025-08-12,Fokus / Analisis,86
2025-08-13,Fokus / Analisis,27
2025-08-14,Fokus / Analisis,52
2025-08-15,Fokus / Analisis,37
2025-08-16,Fokus / Analisis,45
2025-08-17,Fokus / Analisis,30
2025-08-18,Fokus / Analisis,22
2025-08-19,Fokus / Analisis,34
2025-08-20,Fokus / Analisis,30
2025-08-21,Fokus / Analisis,31
2025-08-22,Fokus / Analisis,58
2025-08-23,Fokus / Analisis,21
2025-08-24,Fokus / Analisis,34
2025-08-25,Fokus / Analisis,32
2025-08-26,Fokus / Analisis,27
2025-08-27,Fokus / Analisis,20
2025-08-28,Fokus / Analisis,34
2025-08-29,Fokus / Analisis,22
2025-08-30,Fokus / Analisis,45
2025-08-31,Fokus / Analisis,18
2025-09-01,Fokus / Analisis,28
2025-09-02,Fokus / Analisis,20
2025-09-03,Fokus / Analisis,22
2025-09-04,Fokus / Analisis,133
2025-09-05,Fokus / Analisis,868
2025-09-06,Fokus / Analisis,2525
2025-09-07,Fokus / Analisis,333
2025-09-08,Fokus / Analisis,26
2025-09-09,Fokus / Analisis,8
2025-09-10,Fokus / Analisis,16
2025-09-11,Fokus / Analisis,8
2025-09-12,Fokus / Analisis,23
2025-09-13,Fokus / Analisis,52
2025-09-14,Fokus / Analisis,19
2025-09-15,Fokus / Analisis,29
2025-09-16,Fokus / Analisis,33
2025-09-17,Fokus / Analisis,16
2025-09-18,Fokus / Analisis,23
2025-09-19,Fokus / Analisis,20
2025-09-20,Fokus / Analisis,30
2025-09-21,Fokus / Analisis,20
2025-09-22,Fokus / Analisis,83
2025-09-23,Fokus / Analisis,38
2025-09-24,Fokus / Analisis,16
2025-09-25,Fokus / Analisis,20
2025-09-26,Fokus / Analisis,40
2025-09-27,Fokus / Analisis,19
2025-09-28,Fokus / Analisis,25
2025-09-29,Fokus / Analisis,30
2025-09-30,Fokus / Analisis,22
2025-10-01,Fokus / Analisis,123
2025-10-02,Fokus / Analisis,72
2025-10-03,Fokus / Analisis,10
2025-10-04,Fokus / Analisis,15
2025-10-05,Fokus / Analisis,8
2025-10-06,Fokus / Analisis,16
2025-10-07,Fokus / Analisis,28
2025-10-08,Fokus / Analisis,21
2025-10-09,Fokus / Analisis,14
2025-10-10,Fokus / Analisis,24
2025-10-11,Fokus / Analisis,8
2025-10-12,Fokus / Analisis,18
2025-10-13,Fokus / Analisis,17
2025-10-14,Fokus / Analisis,13
2025-10-15,Fokus / Analisis,23
2025-10-16,Fokus / Analisis,13
2025-10-17,Fokus / Analisis,26
2025-10-18,Fokus / Analisis,16
2025-10-19,Fokus / Analisis,40
2025-10-20,Fokus / Analisis,29
2025-10-21,Fokus / Analisis,16
2025-10-22,Fokus / Analisis,16
2025-10-23,Fokus / Analisis,8
2025-10-24,Fokus / Analisis,22
2025-10-25,Fokus / Analisis,16
2025-10-26,Fokus / Analisis,42
2025-10-27,Fokus / Analisis,22
2025-10-28,Fokus / Analisis,55
2025-10-29,Fokus / Analisis,54
2025-10-30,Fokus / Analisis,30
2025-10-31,Fokus / Analisis,17
2025-11-01,Fokus / Analisis,17
2025-11-02,Fokus / Analisis,8
2025-11-03,Fokus / Analisis,56
2025-11-04,Fokus / Analisis,24
2025-11-05,Fokus / Analisis,20
2025-11-06,Fokus / Analisis,30
2025-11-07,Fokus / Analisis,24
2025-11-08,Fokus / Analisis,45
2025-11-09,Fokus / Analisis,65
2025-11-10,Fokus / Analisis,23
2025-11-11,Fokus / Analisis,38
2025-11-12,Fokus / Analisis,27
2025-11-13,Fokus / Analisis,52
2025-11-14,Fokus / Analisis,28
2025-11-15,Fokus / Analisis,36
2025-11-16,Fokus / Analisis,26
2025-11-17,Fokus / Analisis,42
2025-11-18,Fokus / Analisis,34
2025-11-19,Fokus / Analisis,24
2025-11-20,Fokus / Analisis,21
2025-11-21,Fokus / Analisis,28
2025-11-22,Fokus / Analisis,97
2025-11-23,Fokus / Analisis,92
2025-11-24,Fokus / Analisis,20
2025-11-25,Fokus / Analisis,25
2025-11-26,Fokus / Analisis,23
2025-11-27,Fokus / Analisis,18
2025-11-28,Fokus / Analisis,27
2025-11-29,Fokus / Analisis,47
2025-11-30,Fokus / Analisis,31
2025-12-01,Fokus / Analisis,38
2025-12-02,Fokus / Analisis,19
2025-12-03,Fokus / Analisis,26
2025-12-04,Fokus / Analisis,24
2025-12-05,Fokus / Analisis,11
2025-12-06,Fokus / Analisis,45
2025-12-07,Fokus / Analisis,24
2025-12-08,Fokus / Analisis,17
2025-12-09,Fokus / Analisis,15
2025-12-10,Fokus / Analisis,17
2025-12-11,Fokus / Analisis,92
2025-12-12,Fokus / Analisis,40
2025-12-13,Fokus / Analisis,14
2025-12-14,Fokus / Analisis,14
2025-12-15,Fokus / Analisis,6
2025-12-16,Fokus / Analisis,14
2025-12-17,Fokus / Analisis,18
2025-12-18,Fokus / Analisis,10
2025-12-19,Fokus / Analisis,10
2025-12-20,Fokus / Analisis,18
2025-12-21,Fokus / Analisis,12
2025-12-22,Fokus / Analisis,14
2025-12-23,Fokus / Analisis,64
2025-12-24,Fokus / Analisis,39
2025-12-25,Fokus / Analisis,20
2025-12-26,Fokus / Analisis,16
2025-12-27,Fokus / Analisis,40
2025-12-28,Fokus / Analisis,22
2025-12-29,Fokus / Analisis,22
2025-12-30,Fokus / Analisis,47
2025-12-31,Fokus / Analisis,20
2026-01-01,Fokus / Analisis,25
2026-01-02,Fokus / Analisis,33
2026-01-03,Fokus / Analisis,18
2026-01-04,Fokus / Analisis,46
2026-01-05,Fokus / Analisis,21
2026-01-06,Fokus / Analisis,22
2026-01-07,Fokus / Analisis,37
2026-01-08,Fokus / Analisis,43
2026-01-09,Fokus / Analisis,34
2026-01-10,Fokus / Analisis,25
2026-01-11,Fokus / Analisis,31
2026-01-12,Fokus / Analisis,22
2026-01-13,Fokus / Analisis,25
2026-01-14,Fokus / Analisis,36
2026-01-15,Fokus / Analisis,34
2026-01-16,Fokus / Analisis,43
2026-01-17,Fokus / Analisis,26
2026-01-18,Fokus / Analisis,40
2026-01-19,Fokus / Analisis,52
2026-01-20,Fokus / Analisis,26
2026-01-21,Fokus / Analisis,41
2026-01-22,Fokus / Analisis,48
2026-01-23,Fokus / Analisis,56
2026-01-24,Fokus / Analisis,28
2026-01-25,Fokus / Analisis,52
2026-01-26,Fokus / Analisis,58
2026-01-27,Fokus / Analisis,116
2026-01-28,Fokus / Analisis,120
2026-01-29,Fokus / Analisis,125
2026-01-30,Fokus / Analisis,260
2026-01-31,Fokus / Analisis,179
2026-02-01,Fokus / Analisis,67
2026-02-02,Fokus / Analisis,110
2026-02-03,Fokus / Analisis,66
2026-02-04,Fokus / Analisis,84
2026-02-05,Fokus / Analisis,70
2026-02-06,Fokus / Analisis,43
2026-02-07,Fokus / Analisis,45
2026-02-08,Fokus / Analisis,70
2026-02-09,Fokus / Analisis,43
2026-02-10,Fokus / Analisis,54
2026-02-11,Fokus / Analisis,45
2026-02-12,Fokus / Analisis,28
2026-02-13,Fokus / Analisis,23
2026-02-14,Fokus / Analisis,30
2026-02-15,Fokus / Analisis,39
2026-02-16,Fokus / Analisis,67
2026-02-17,Fokus / Analisis,63
2026-02-18,Fokus / Analisis,26
2026-02-19,Fokus / Analisis,47
2026-02-20,Fokus / Analisis,61
2026-02-21,Fokus / Analisis,56
2026-02-22,Fokus / Analisis,30
2026-02-23,Fokus / Analisis,31
2026-02-24,Fokus / Analisis,22
2026-02-25,Fokus / Analisis,17
2026-02-26,Fokus / Analisis,23
2026-02-27,Fokus / Analisis,26
2026-02-28,Fokus / Analisis,14
2026-03-01,Fokus / Analisis,28
2026-03-02,Fokus / Analisis,24
2026-03-03,Fokus / Analisis,33
2026-03-04,Fokus / Analisis,16
2026-03-05,Fokus / Analisis,27
2026-03-06,Fokus / Analisis,29
2026-03-07,Fokus / Analisis,23
2026-03-08,Fokus / Analisis,28
2026-03-09,Fokus / Analisis,19
2026-03-10,Fokus / Analisis,34
2026-03-11,Fokus / Analisis,34
2026-03-12,Fokus / Analisis,33
2026-03-13,Fokus / Analisis,12
2026-03-14,Fokus / Analisis,16
2026-03-15,Fokus / Analisis,37
2026-03-16,Fokus / Analisis,31
2026-03-17,Fokus / Analisis,35
2026-03-18,Fokus / Analisis,28
2026-03-19,Fokus / Analisis,7
2026-03-20,Fokus / Analisis,14
2026-03-21,Fokus / Analisis,12
2026-03-22,Fokus / Analisis,9
2026-03-23,Fokus / Analisis,15
2026-03-24,Fokus / Analisis,24
2026-03-25,Fokus / Analisis,13
2026-03-26,Fokus / Analisis,35
2026-03-27,Fokus / Analisis,28
2026-03-28,Fokus / Analisis,7
2026-03-29,Fokus / Analisis,14
2026-03-30,Fokus / Analisis,41
2026-03-31,Fokus / Analisis,22
2026-04-01,Fokus / Analisis,16
2026-04-02,Fokus / Analisis,21
2026-04-03,Fokus / Analisis,26
2026-04-04,Fokus / Analisis,17
2026-04-05,Fokus / Analisis,10
2026-04-06,Fokus / Analisis,18
2026-04-07,Fokus / Analisis,10
2026-04-08,Fokus / Analisis,15
2026-04-09,Fokus / Analisis,17
2026-04-10,Fokus / Analisis,31
2026-04-11,Fokus / Analisis,18
2026-04-12,Fokus / Analisis,4
2026-04-13,Fokus / Analisis,33
2026-04-14,Fokus / Analisis,19
2026-04-15,Fokus / Analisis,3
2026-04-16,Fokus / Analisis,2
2026-04-17,Fokus / Analisis,14
2026-04-18,Fokus / Analisis,14
2026-04-19,Fokus / Analisis,21
2026-04-20,Fokus / Analisis,35
2026-04-21,Fokus / Analisis,13
2026-04-22,Fokus / Analisis,18
2026-04-23,Fokus / Analisis,25
2026-04-24,Fokus / Analisis,53
2026-04-25,Fokus / Analisis,16
2026-04-26,Fokus / Analisis,19
2026-04-27,Fokus / Analisis,22
2026-04-28,Fokus / Analisis,22
2026-04-29,Fokus / Analisis,14
2026-04-30,Fokus / Analisis,18
2025-05-03,Foto & Video,8
2025-05-06,Foto & Video,2
2025-05-13,Foto & Video,2
2025-05-15,Foto & Video,10
2025-05-18,Foto & Video,2
2025-05-22,Foto & Video,4
2025-05-31,Foto & Video,2
2025-06-01,Foto & Video,2
2025-06-03,Foto & Video,4
2025-06-04,Foto & Video,2
2025-06-08,Foto & Video,2
2025-06-11,Foto & Video,2
2025-06-12,Foto & Video,2
2025-06-18,Foto & Video,2
2025-06-25,Foto & Video,2
2025-06-28,Foto & Video,2
2025-06-30,Foto & Video,12
2025-07-05,Foto & Video,0
2025-07-08,Foto & Video,2
2025-07-09,Foto & Video,2
2025-07-10,Foto & Video,2
2025-07-16,Foto & Video,2
2025-07-17,Foto & Video,2
2025-07-21,Foto & Video,2
2025-07-27,Foto & Video,2
2025-07-29,Foto & Video,2
2025-08-02,Foto & Video,2
2025-08-10,Foto & Video,2
2025-08-11,Foto & Video,1
2025-08-19,Foto & Video,2
2025-08-23,Foto & Video,2
2025-08-24,Foto & Video,2
2025-08-25,Foto & Video,6
2025-08-27,Foto & Video,8
2025-08-28,Foto & Video,4
2025-08-29,Foto & Video,4
2025-09-02,Foto & Video,2
2025-09-03,Foto & Video,2
2025-09-08,Foto & Video,4
2025-09-09,Foto & Video,2
2025-09-17,Foto & Video,4
2025-09-19,Foto & Video,2
2025-09-22,Foto & Video,4
2025-09-23,Foto & Video,2
2025-09-29,Foto & Video,2
2025-10-02,Foto & Video,2
2025-10-04,Foto & Video,1
2025-10-05,Foto & Video,4
2025-10-06,Foto & Video,2
2025-10-07,Foto & Video,2
2025-10-08,Foto & Video,2
2025-10-09,Foto & Video,2
2025-10-12,Foto & Video,1
2025-10-16,Foto & Video,2
2025-10-21,Foto & Video,13
2025-10-25,Foto & Video,8
2025-10-28,Foto & Video,2
2025-10-31,Foto & Video,5
2025-11-01,Foto & Video,12
2025-11-03,Foto & Video,2
2025-11-04,Foto & Video,0
2025-11-06,Foto & Video,4
2025-11-07,Foto & Video,2
2025-11-08,Foto & Video,3
2025-11-12,Foto & Video,2
2025-11-15,Foto & Video,4
2025-11-21,Foto & Video,2
2025-11-22,Foto & Video,2
2025-11-23,Foto & Video,2
2025-11-28,Foto & Video,2
2025-11-29,Foto & Video,0
2025-11-30,Foto & Video,0
2025-12-01,Foto & Video,2
2025-12-02,Foto & Video,2
2025-12-03,Foto & Video,1
2025-12-04,Foto & Video,4
2025-12-05,Foto & Video,0
2025-12-06,Foto & Video,1
2025-12-07,Foto & Video,2
2025-12-08,Foto & Video,0
2025-12-09,Foto & Video,0
2025-12-10,Foto & Video,6
2025-12-11,Foto & Video,14
2025-12-12,Foto & Video,51
2025-12-13,Foto & Video,2
2025-12-14,Foto & Video,0
2025-12-15,Foto & Video,0
2025-12-16,Foto & Video,1
2025-12-17,Foto & Video,3
2025-12-18,Foto & Video,8
2025-12-19,Foto & Video,6
2025-12-20,Foto & Video,2
2025-12-23,Foto & Video,3
2025-12-24,Foto & Video,3
2025-12-26,Foto & Video,1
2025-12-28,Foto & Video,2
2025-12-29,Foto & Video,8
2025-12-30,Foto & Video,1
2026-01-03,Foto & Video,2
2026-01-05,Foto & Video,2
2026-01-06,Foto & Video,2
2026-01-07,Foto & Video,14
2026-01-08,Foto & Video,8
2026-01-09,Foto & Video,4
2026-01-10,Foto & Video,2
2026-01-11,Foto & Video,4
2026-01-12,Foto & Video,1
2026-01-13,Foto & Video,2
2026-01-14,Foto & Video,4
2026-01-15,Foto & Video,5
2026-01-16,Foto & Video,10
2026-01-17,Foto & Video,7
2026-01-18,Foto & Video,3
2026-01-19,Foto & Video,5
2026-01-20,Foto & Video,3
2026-01-21,Foto & Video,4
2026-01-22,Foto & Video,2
2026-01-23,Foto & Video,6
2026-01-24,Foto & Video,3
2026-01-26,Foto & Video,5
2026-01-27,Foto & Video,3
2026-01-28,Foto & Video,20
2026-01-29,Foto & Video,25
2026-01-30,Foto & Video,49
2026-01-31,Foto & Video,24
2026-02-01,Foto & Video,8
2026-02-02,Foto & Video,11
2026-02-03,Foto & Video,14
2026-02-04,Foto & Video,8
2026-02-05,Foto & Video,6
2026-02-06,Foto & Video,2
2026-02-07,Foto & Video,2
2026-02-08,Foto & Video,12
2026-02-09,Foto & Video,2
2026-02-10,Foto & Video,5
2026-02-11,Foto & Video,4
2026-02-13,Foto & Video,0
2026-02-14,Foto & Video,2
2026-02-16,Foto & Video,5
2026-02-17,Foto & Video,10
2026-02-18,Foto & Video,2
2026-02-19,Foto & Video,6
2026-02-20,Foto & Video,7
2026-02-21,Foto & Video,9
2026-02-22,Foto & Video,3
2026-02-23,Foto & Video,3
2026-02-28,Foto & Video,2
2026-03-01,Foto & Video,4
2026-03-03,Foto & Video,4
2026-03-04,Foto & Video,1
2026-03-05,Foto & Video,2
2026-03-06,Foto & Video,2
2026-03-08,Foto & Video,2
2026-03-11,Foto & Video,4
2026-03-12,Foto & Video,6
2026-03-13,Foto & Video,11
2026-03-14,Foto & Video,52
2026-03-15,Foto & Video,162
2026-03-16,Foto & Video,173
2026-03-17,Foto & Video,91
2026-03-18,Foto & Video,28
2026-03-19,Foto & Video,2
2026-03-20,Foto & Video,5
2026-03-21,Foto & Video,1
2026-03-22,Foto & Video,1
2026-03-23,Foto & Video,1
2026-03-25,Foto & Video,2
2026-03-29,Foto & Video,2
2026-03-30,Foto & Video,2
2026-03-31,Foto & Video,2
2026-04-01,Foto & Video,4
2026-04-02,Foto & Video,6
2026-04-03,Foto & Video,16
2026-04-04,Foto & Video,8
2026-04-05,Foto & Video,5
2026-04-06,Foto & Video,4
2026-04-08,Foto & Video,36
2026-04-09,Foto & Video,50
2026-04-10,Foto & Video,24
2026-04-11,Foto & Video,18
2026-04-12,Foto & Video,18
2026-04-13,Foto & Video,232
2026-04-14,Foto & Video,225
2026-04-16,Foto & Video,2
2026-04-17,Foto & Video,2
2026-04-19,Foto & Video,2
2026-04-20,Foto & Video,2
2026-04-22,Foto & Video,2
2026-04-23,Foto & Video,2
2026-04-24,Foto & Video,6
2026-04-25,Foto & Video,2
2026-04-26,Foto & Video,2
2026-04-28,Foto & Video,6
2026-04-29,Foto & Video,4
2025-05-06,Futsal,3
2025-05-09,Futsal,3
2025-05-10,Futsal,116
2025-05-11,Futsal,440
2025-05-12,Futsal,22
2025-05-13,Futsal,5
2025-05-14,Futsal,14
2025-05-15,Futsal,27
2025-05-16,Futsal,11
2025-05-17,Futsal,2190
2025-05-18,Futsal,2500
2025-05-19,Futsal,953
2025-05-20,Futsal,46
2025-05-21,Futsal,7
2025-05-22,Futsal,8
2025-05-23,Futsal,18
2025-05-24,Futsal,96
2025-05-25,Futsal,107
2025-05-26,Futsal,60
2025-05-27,Futsal,75
2025-05-28,Futsal,8
2025-05-30,Futsal,473
2025-05-31,Futsal,1911
2025-06-01,Futsal,948
2025-06-02,Futsal,131
2025-06-03,Futsal,33
2025-06-04,Futsal,6
2025-06-05,Futsal,6
2025-06-06,Futsal,3
2025-06-07,Futsal,159
2025-06-08,Futsal,141
2025-06-09,Futsal,121
2025-06-10,Futsal,112
2025-06-11,Futsal,51
2025-06-12,Futsal,6
2025-06-13,Futsal,8
2025-06-14,Futsal,5
2025-06-15,Futsal,74
2025-06-16,Futsal,561
2025-06-17,Futsal,362
2025-06-18,Futsal,32
2025-06-19,Futsal,6
2025-06-20,Futsal,12
2025-06-21,Futsal,199
2025-06-22,Futsal,518
2025-06-23,Futsal,409
2025-06-24,Futsal,57
2025-06-25,Futsal,17
2025-06-26,Futsal,17
2025-06-27,Futsal,25
2025-06-28,Futsal,5
2025-06-29,Futsal,240
2025-06-30,Futsal,164
2025-07-01,Futsal,96
2025-07-02,Futsal,43
2025-07-03,Futsal,13
2025-07-04,Futsal,6
2025-07-05,Futsal,4
2025-07-06,Futsal,570
2025-07-07,Futsal,293
2025-07-08,Futsal,26
2025-07-09,Futsal,18
2025-07-10,Futsal,20
2025-07-11,Futsal,12
2025-07-12,Futsal,79
2025-07-13,Futsal,489
2025-07-14,Futsal,126
2025-07-15,Futsal,18
2025-07-16,Futsal,122
2025-07-17,Futsal,694
2025-07-18,Futsal,1427
2025-07-19,Futsal,267
2025-07-20,Futsal,4462
2025-07-21,Futsal,3233
2025-07-22,Futsal,5379
2025-07-23,Futsal,1455
2025-07-24,Futsal,211
2025-07-25,Futsal,109
2025-07-26,Futsal,729
2025-07-27,Futsal,379
2025-07-28,Futsal,158
2025-07-29,Futsal,88
2025-07-30,Futsal,403
2025-07-31,Futsal,281
2025-08-01,Futsal,427
2025-08-02,Futsal,377
2025-08-03,Futsal,282
2025-08-04,Futsal,420
2025-08-05,Futsal,158
2025-08-06,Futsal,436
2025-08-07,Futsal,428
2025-08-08,Futsal,434
2025-08-09,Futsal,158
2025-08-10,Futsal,233
2025-08-11,Futsal,631
2025-08-12,Futsal,246
2025-08-13,Futsal,47
2025-08-14,Futsal,20
2025-08-15,Futsal,30
2025-08-16,Futsal,7
2025-08-17,Futsal,145
2025-08-18,Futsal,1748
2025-08-19,Futsal,93
2025-08-20,Futsal,43
2025-08-21,Futsal,4
2025-08-22,Futsal,78
2025-08-23,Futsal,320
2025-08-24,Futsal,765
2025-08-25,Futsal,557
2025-08-26,Futsal,414
2025-08-27,Futsal,333
2025-08-28,Futsal,1341
2025-08-29,Futsal,1909
2025-08-30,Futsal,1674
2025-08-31,Futsal,572
2025-09-01,Futsal,126
2025-09-02,Futsal,1551
2025-09-03,Futsal,675
2025-09-04,Futsal,1390
2025-09-05,Futsal,1211
2025-09-06,Futsal,200
2025-09-07,Futsal,180
2025-09-08,Futsal,85
2025-09-09,Futsal,105
2025-09-10,Futsal,14
2025-09-11,Futsal,29
2025-09-12,Futsal,16
2025-09-13,Futsal,48
2025-09-14,Futsal,54
2025-09-15,Futsal,30
2025-09-16,Futsal,16
2025-09-17,Futsal,15
2025-09-18,Futsal,18
2025-09-19,Futsal,4
2025-09-20,Futsal,42
2025-09-21,Futsal,7
2025-09-22,Futsal,89
2025-09-23,Futsal,6
2025-09-24,Futsal,7
2025-09-25,Futsal,21
2025-09-26,Futsal,2
2025-09-27,Futsal,52
2025-09-28,Futsal,11
2025-09-29,Futsal,8
2025-10-03,Futsal,7
2025-10-04,Futsal,34
2025-10-05,Futsal,26
2025-10-06,Futsal,39
2025-10-07,Futsal,16
2025-10-08,Futsal,4
2025-10-09,Futsal,13
2025-10-10,Futsal,16
2025-10-11,Futsal,55
2025-10-12,Futsal,100
2025-10-13,Futsal,62
2025-10-14,Futsal,98
2025-10-15,Futsal,128
2025-10-16,Futsal,69
2025-10-17,Futsal,21
2025-10-18,Futsal,57
2025-10-19,Futsal,57
2025-10-20,Futsal,28
2025-10-21,Futsal,10
2025-10-22,Futsal,2
2025-10-23,Futsal,8
2025-10-24,Futsal,4
2025-10-25,Futsal,6
2025-10-26,Futsal,7
2025-10-27,Futsal,20
2025-10-28,Futsal,30
2025-10-29,Futsal,34
2025-10-31,Futsal,4
2025-11-01,Futsal,11
2025-11-02,Futsal,4
2025-11-03,Futsal,41
2025-11-04,Futsal,15
2025-11-05,Futsal,8
2025-11-06,Futsal,16
2025-11-07,Futsal,6
2025-11-08,Futsal,23
2025-11-09,Futsal,14
2025-11-10,Futsal,6
2025-11-11,Futsal,12
2025-11-12,Futsal,16
2025-11-13,Futsal,2
2025-11-14,Futsal,3
2025-11-15,Futsal,2
2025-11-16,Futsal,6
2025-11-17,Futsal,5
2025-11-18,Futsal,4
2025-11-19,Futsal,4
2025-11-20,Futsal,4
2025-11-21,Futsal,11
2025-11-22,Futsal,73
2025-11-23,Futsal,13
2025-11-25,Futsal,4
2025-11-26,Futsal,5
2025-11-28,Futsal,2
2025-11-29,Futsal,9
2025-11-30,Futsal,1
2025-12-01,Futsal,1
2025-12-02,Futsal,0
2025-12-03,Futsal,2
2025-12-04,Futsal,2
2025-12-05,Futsal,2
2025-12-07,Futsal,27
2025-12-08,Futsal,27
2025-12-09,Futsal,24
2025-12-10,Futsal,8
2025-12-11,Futsal,43
2025-12-12,Futsal,47
2025-12-13,Futsal,4
2025-12-14,Futsal,4
2025-12-15,Futsal,20
2025-12-16,Futsal,20
2025-12-17,Futsal,13
2025-12-18,Futsal,12
2025-12-19,Futsal,8
2025-12-20,Futsal,14
2025-12-21,Futsal,12
2025-12-22,Futsal,4
2025-12-23,Futsal,12
2025-12-24,Futsal,4
2025-12-25,Futsal,0
2025-12-26,Futsal,7
2025-12-27,Futsal,3
2025-12-28,Futsal,2
2025-12-29,Futsal,1
2025-12-30,Futsal,0
2025-12-31,Futsal,0
2026-01-01,Futsal,2
2026-01-02,Futsal,6
2026-01-03,Futsal,3
2026-01-04,Futsal,3
2026-01-06,Futsal,6
2026-01-07,Futsal,4
2026-01-08,Futsal,8
2026-01-09,Futsal,2
2026-01-10,Futsal,4
2026-01-11,Futsal,4
2026-01-12,Futsal,22
2026-01-13,Futsal,52
2026-01-14,Futsal,111
2026-01-15,Futsal,186
2026-01-16,Futsal,42
2026-01-17,Futsal,15
2026-01-18,Futsal,6
2026-01-19,Futsal,18
2026-01-20,Futsal,61
2026-01-21,Futsal,237
2026-01-22,Futsal,68
2026-01-23,Futsal,96
2026-01-24,Futsal,982
2026-01-25,Futsal,607
2026-01-26,Futsal,71
2026-01-27,Futsal,18
2026-01-28,Futsal,19
2026-01-29,Futsal,36
2026-01-30,Futsal,57
2026-01-31,Futsal,18
2026-02-01,Futsal,24
2026-02-02,Futsal,37
2026-02-03,Futsal,15
2026-02-04,Futsal,18
2026-02-05,Futsal,9
2026-02-06,Futsal,10
2026-02-07,Futsal,8
2026-02-08,Futsal,18
2026-02-09,Futsal,6
2026-02-10,Futsal,77
2026-02-11,Futsal,33
2026-02-12,Futsal,135
2026-02-13,Futsal,19
2026-02-14,Futsal,18
2026-02-15,Futsal,11
2026-02-16,Futsal,6
2026-02-17,Futsal,8
2026-02-18,Futsal,5
2026-02-19,Futsal,13
2026-02-20,Futsal,8
2026-02-21,Futsal,10
2026-02-22,Futsal,3
2026-02-23,Futsal,3
2026-02-24,Futsal,4
2026-02-27,Futsal,4
2026-02-28,Futsal,26
2026-03-01,Futsal,21
2026-03-02,Futsal,13
2026-03-03,Futsal,11
2026-03-04,Futsal,12
2026-03-05,Futsal,11
2026-03-06,Futsal,16
2026-03-07,Futsal,8
2026-03-08,Futsal,6
2026-03-09,Futsal,4
2026-03-10,Futsal,12
2026-03-11,Futsal,5
2026-03-12,Futsal,6
2026-03-13,Futsal,4
2026-03-14,Futsal,4
2026-03-15,Futsal,2
2026-03-16,Futsal,4
2026-03-17,Futsal,5
2026-03-18,Futsal,6
2026-03-19,Futsal,2
2026-03-20,Futsal,7
2026-03-21,Futsal,8
2026-03-22,Futsal,4
2026-03-23,Futsal,3
2026-03-24,Futsal,5
2026-03-25,Futsal,4
2026-03-27,Futsal,30
2026-03-28,Futsal,10
2026-03-29,Futsal,19
2026-03-30,Futsal,38
2026-03-31,Futsal,26
2026-04-01,Futsal,24
2026-04-02,Futsal,2
2026-04-03,Futsal,4
2026-04-04,Futsal,15
2026-04-05,Futsal,16
2026-04-06,Futsal,20
2026-04-07,Futsal,13
2026-04-08,Futsal,4
2026-04-09,Futsal,4
2026-04-10,Futsal,5
2026-04-11,Futsal,1
2026-04-13,Futsal,3
2026-04-14,Futsal,1
2026-04-15,Futsal,8
2026-04-18,Futsal,5
2026-04-19,Futsal,5
2026-04-20,Futsal,2
2026-04-21,Futsal,3
2026-04-22,Futsal,6
2026-04-25,Futsal,3
2026-04-26,Futsal,7
2026-04-27,Futsal,6
2026-04-30,Futsal,4
2025-04-30,Halaman Arsip,160
2025-05-01,Halaman Arsip,35
2025-05-02,Halaman Arsip,40
2025-05-03,Halaman Arsip,147
2025-05-04,Halaman Arsip,78
2025-05-05,Halaman Arsip,91
2025-05-06,Halaman Arsip,38
2025-05-07,Halaman Arsip,116
2025-05-08,Halaman Arsip,60
2025-05-09,Halaman Arsip,156
2025-05-10,Halaman Arsip,67
2025-05-11,Halaman Arsip,93
2025-05-12,Halaman Arsip,66
2025-05-13,Halaman Arsip,63
2025-05-14,Halaman Arsip,56
2025-05-15,Halaman Arsip,76
2025-05-16,Halaman Arsip,47
2025-05-17,Halaman Arsip,60
2025-05-18,Halaman Arsip,151
2025-05-19,Halaman Arsip,99
2025-05-20,Halaman Arsip,62
2025-05-21,Halaman Arsip,52
2025-05-22,Halaman Arsip,70
2025-05-23,Halaman Arsip,95
2025-05-24,Halaman Arsip,120
2025-05-25,Halaman Arsip,48
2025-05-26,Halaman Arsip,77
2025-05-27,Halaman Arsip,64
2025-05-28,Halaman Arsip,33
2025-05-29,Halaman Arsip,1
2025-05-30,Halaman Arsip,84
2025-05-31,Halaman Arsip,97
2025-06-01,Halaman Arsip,137
2025-06-02,Halaman Arsip,95
2025-06-03,Halaman Arsip,76
2025-06-04,Halaman Arsip,92
2025-06-05,Halaman Arsip,43
2025-06-06,Halaman Arsip,33
2025-06-07,Halaman Arsip,52
2025-06-08,Halaman Arsip,39
2025-06-09,Halaman Arsip,73
2025-06-10,Halaman Arsip,66
2025-06-11,Halaman Arsip,102
2025-06-12,Halaman Arsip,103
2025-06-13,Halaman Arsip,61
2025-06-14,Halaman Arsip,61
2025-06-15,Halaman Arsip,113
2025-06-16,Halaman Arsip,115
2025-06-17,Halaman Arsip,236
2025-06-18,Halaman Arsip,143
2025-06-19,Halaman Arsip,110
2025-06-20,Halaman Arsip,84
2025-06-21,Halaman Arsip,100
2025-06-22,Halaman Arsip,117
2025-06-23,Halaman Arsip,203
2025-06-24,Halaman Arsip,93
2025-06-25,Halaman Arsip,122
2025-06-26,Halaman Arsip,131
2025-06-27,Halaman Arsip,214
2025-06-28,Halaman Arsip,90
2025-06-29,Halaman Arsip,170
2025-06-30,Halaman Arsip,209
2025-07-01,Halaman Arsip,268
2025-07-02,Halaman Arsip,287
2025-07-03,Halaman Arsip,155
2025-07-04,Halaman Arsip,113
2025-07-05,Halaman Arsip,174
2025-07-06,Halaman Arsip,162
2025-07-07,Halaman Arsip,102
2025-07-08,Halaman Arsip,70
2025-07-09,Halaman Arsip,83
2025-07-10,Halaman Arsip,125
2025-07-11,Halaman Arsip,38
2025-07-12,Halaman Arsip,58
2025-07-13,Halaman Arsip,163
2025-07-14,Halaman Arsip,133
2025-07-15,Halaman Arsip,169
2025-07-16,Halaman Arsip,270
2025-07-17,Halaman Arsip,202
2025-07-18,Halaman Arsip,122
2025-07-19,Halaman Arsip,98
2025-07-20,Halaman Arsip,124
2025-07-21,Halaman Arsip,153
2025-07-22,Halaman Arsip,182
2025-07-23,Halaman Arsip,118
2025-07-24,Halaman Arsip,132
2025-07-25,Halaman Arsip,109
2025-07-26,Halaman Arsip,195
2025-07-27,Halaman Arsip,105
2025-07-28,Halaman Arsip,78
2025-07-29,Halaman Arsip,57
2025-07-30,Halaman Arsip,43
2025-07-31,Halaman Arsip,70
2025-08-01,Halaman Arsip,122
2025-08-02,Halaman Arsip,106
2025-08-03,Halaman Arsip,48
2025-08-04,Halaman Arsip,60
2025-08-05,Halaman Arsip,102
2025-08-06,Halaman Arsip,77
2025-08-07,Halaman Arsip,54
2025-08-08,Halaman Arsip,80
2025-08-09,Halaman Arsip,122
2025-08-10,Halaman Arsip,217
2025-08-11,Halaman Arsip,297
2025-08-12,Halaman Arsip,113
2025-08-13,Halaman Arsip,62
2025-08-14,Halaman Arsip,51
2025-08-15,Halaman Arsip,138
2025-08-16,Halaman Arsip,294
2025-08-17,Halaman Arsip,70
2025-08-18,Halaman Arsip,105
2025-08-19,Halaman Arsip,145
2025-08-20,Halaman Arsip,93
2025-08-21,Halaman Arsip,63
2025-08-22,Halaman Arsip,101
2025-08-23,Halaman Arsip,118
2025-08-24,Halaman Arsip,130
2025-08-25,Halaman Arsip,123
2025-08-26,Halaman Arsip,88
2025-08-27,Halaman Arsip,91
2025-08-28,Halaman Arsip,97
2025-08-29,Halaman Arsip,104
2025-08-30,Halaman Arsip,123
2025-08-31,Halaman Arsip,53
2025-09-01,Halaman Arsip,62
2025-09-02,Halaman Arsip,78
2025-09-03,Halaman Arsip,61
2025-09-04,Halaman Arsip,50
2025-09-05,Halaman Arsip,79
2025-09-06,Halaman Arsip,105
2025-09-07,Halaman Arsip,72
2025-09-08,Halaman Arsip,53
2025-09-09,Halaman Arsip,28
2025-09-10,Halaman Arsip,46
2025-09-11,Halaman Arsip,45
2025-09-12,Halaman Arsip,121
2025-09-13,Halaman Arsip,83
2025-09-14,Halaman Arsip,51
2025-09-15,Halaman Arsip,18
2025-09-16,Halaman Arsip,43
2025-09-17,Halaman Arsip,61
2025-09-18,Halaman Arsip,59
2025-09-19,Halaman Arsip,30
2025-09-20,Halaman Arsip,103
2025-09-21,Halaman Arsip,92
2025-09-22,Halaman Arsip,69
2025-09-23,Halaman Arsip,48
2025-09-24,Halaman Arsip,31
2025-09-25,Halaman Arsip,33
2025-09-26,Halaman Arsip,34
2025-09-27,Halaman Arsip,59
2025-09-28,Halaman Arsip,36
2025-09-29,Halaman Arsip,34
2025-09-30,Halaman Arsip,28
2025-10-01,Halaman Arsip,39
2025-10-02,Halaman Arsip,26
2025-10-03,Halaman Arsip,56
2025-10-04,Halaman Arsip,44
2025-10-05,Halaman Arsip,31
2025-10-06,Halaman Arsip,55
2025-10-07,Halaman Arsip,42
2025-10-08,Halaman Arsip,24
2025-10-09,Halaman Arsip,20
2025-10-10,Halaman Arsip,30
2025-10-11,Halaman Arsip,34
2025-10-12,Halaman Arsip,62
2025-10-13,Halaman Arsip,84
2025-10-14,Halaman Arsip,70
2025-10-15,Halaman Arsip,38
2025-10-16,Halaman Arsip,27
2025-10-17,Halaman Arsip,41
2025-10-18,Halaman Arsip,32
2025-10-19,Halaman Arsip,66
2025-10-20,Halaman Arsip,67
2025-10-21,Halaman Arsip,58
2025-10-22,Halaman Arsip,45
2025-10-23,Halaman Arsip,50
2025-10-24,Halaman Arsip,28
2025-10-25,Halaman Arsip,45
2025-10-26,Halaman Arsip,32
2025-10-27,Halaman Arsip,147
2025-10-28,Halaman Arsip,171
2025-10-29,Halaman Arsip,128
2025-10-30,Halaman Arsip,61
2025-10-31,Halaman Arsip,84
2025-11-01,Halaman Arsip,51
2025-11-02,Halaman Arsip,88
2025-11-03,Halaman Arsip,125
2025-11-04,Halaman Arsip,82
2025-11-05,Halaman Arsip,75
2025-11-06,Halaman Arsip,70
2025-11-07,Halaman Arsip,63
2025-11-08,Halaman Arsip,86
2025-11-09,Halaman Arsip,89
2025-11-10,Halaman Arsip,115
2025-11-11,Halaman Arsip,114
2025-11-12,Halaman Arsip,93
2025-11-13,Halaman Arsip,98
2025-11-14,Halaman Arsip,85
2025-11-15,Halaman Arsip,109
2025-11-16,Halaman Arsip,58
2025-11-17,Halaman Arsip,116
2025-11-18,Halaman Arsip,70
2025-11-19,Halaman Arsip,55
2025-11-20,Halaman Arsip,40
2025-11-21,Halaman Arsip,55
2025-11-22,Halaman Arsip,236
2025-11-23,Halaman Arsip,135
2025-11-24,Halaman Arsip,61
2025-11-25,Halaman Arsip,64
2025-11-26,Halaman Arsip,73
2025-11-27,Halaman Arsip,41
2025-11-28,Halaman Arsip,61
2025-11-29,Halaman Arsip,73
2025-11-30,Halaman Arsip,47
2025-12-01,Halaman Arsip,62
2025-12-02,Halaman Arsip,55
2025-12-03,Halaman Arsip,51
2025-12-04,Halaman Arsip,33
2025-12-05,Halaman Arsip,63
2025-12-06,Halaman Arsip,46
2025-12-07,Halaman Arsip,35
2025-12-08,Halaman Arsip,64
2025-12-09,Halaman Arsip,77
2025-12-10,Halaman Arsip,51
2025-12-11,Halaman Arsip,187
2025-12-12,Halaman Arsip,131
2025-12-13,Halaman Arsip,32
2025-12-14,Halaman Arsip,53
2025-12-15,Halaman Arsip,12
2025-12-16,Halaman Arsip,38
2025-12-17,Halaman Arsip,37
2025-12-18,Halaman Arsip,296
2025-12-19,Halaman Arsip,263
2025-12-20,Halaman Arsip,50
2025-12-21,Halaman Arsip,48
2025-12-22,Halaman Arsip,77
2025-12-23,Halaman Arsip,140
2025-12-24,Halaman Arsip,125
2025-12-25,Halaman Arsip,126
2025-12-26,Halaman Arsip,140
2025-12-27,Halaman Arsip,117
2025-12-28,Halaman Arsip,141
2025-12-29,Halaman Arsip,150
2025-12-30,Halaman Arsip,174
2025-12-31,Halaman Arsip,191
2026-01-01,Halaman Arsip,199
2026-01-02,Halaman Arsip,159
2026-01-03,Halaman Arsip,163
2026-01-04,Halaman Arsip,195
2026-01-05,Halaman Arsip,158
2026-01-06,Halaman Arsip,108
2026-01-07,Halaman Arsip,158
2026-01-08,Halaman Arsip,163
2026-01-09,Halaman Arsip,166
2026-01-10,Halaman Arsip,143
2026-01-11,Halaman Arsip,84
2026-01-12,Halaman Arsip,135
2026-01-13,Halaman Arsip,90
2026-01-14,Halaman Arsip,112
2026-01-15,Halaman Arsip,134
2026-01-16,Halaman Arsip,126
2026-01-17,Halaman Arsip,80
2026-01-18,Halaman Arsip,142
2026-01-19,Halaman Arsip,109
2026-01-20,Halaman Arsip,705
2026-01-21,Halaman Arsip,306
2026-01-22,Halaman Arsip,171
2026-01-23,Halaman Arsip,486
2026-01-24,Halaman Arsip,376
2026-01-25,Halaman Arsip,404
2026-01-26,Halaman Arsip,300
2026-01-27,Halaman Arsip,694
2026-01-28,Halaman Arsip,724
2026-01-29,Halaman Arsip,528
2026-01-30,Halaman Arsip,779
2026-01-31,Halaman Arsip,469
2026-02-01,Halaman Arsip,536
2026-02-02,Halaman Arsip,814
2026-02-03,Halaman Arsip,130
2026-02-04,Halaman Arsip,233
2026-02-05,Halaman Arsip,221
2026-02-06,Halaman Arsip,116
2026-02-07,Halaman Arsip,181
2026-02-08,Halaman Arsip,250
2026-02-09,Halaman Arsip,164
2026-02-10,Halaman Arsip,386
2026-02-11,Halaman Arsip,274
2026-02-12,Halaman Arsip,376
2026-02-13,Halaman Arsip,305
2026-02-14,Halaman Arsip,139
2026-02-15,Halaman Arsip,99
2026-02-16,Halaman Arsip,250
2026-02-17,Halaman Arsip,192
2026-02-18,Halaman Arsip,209
2026-02-19,Halaman Arsip,166
2026-02-20,Halaman Arsip,175
2026-02-21,Halaman Arsip,380
2026-02-22,Halaman Arsip,143
2026-02-23,Halaman Arsip,93
2026-02-24,Halaman Arsip,155
2026-02-25,Halaman Arsip,151
2026-02-26,Halaman Arsip,156
2026-02-27,Halaman Arsip,66
2026-02-28,Halaman Arsip,41
2026-03-01,Halaman Arsip,61
2026-03-02,Halaman Arsip,104
2026-03-03,Halaman Arsip,84
2026-03-04,Halaman Arsip,85
2026-03-05,Halaman Arsip,110
2026-03-06,Halaman Arsip,97
2026-03-07,Halaman Arsip,48
2026-03-08,Halaman Arsip,59
2026-03-09,Halaman Arsip,59
2026-03-10,Halaman Arsip,147
2026-03-11,Halaman Arsip,88
2026-03-12,Halaman Arsip,83
2026-03-13,Halaman Arsip,37
2026-03-14,Halaman Arsip,58
2026-03-15,Halaman Arsip,73
2026-03-16,Halaman Arsip,90
2026-03-17,Halaman Arsip,66
2026-03-18,Halaman Arsip,41
2026-03-19,Halaman Arsip,51
2026-03-20,Halaman Arsip,54
2026-03-21,Halaman Arsip,28
2026-03-22,Halaman Arsip,43
2026-03-23,Halaman Arsip,21
2026-03-24,Halaman Arsip,44
2026-03-25,Halaman Arsip,66
2026-03-26,Halaman Arsip,58
2026-03-27,Halaman Arsip,68
2026-03-28,Halaman Arsip,79
2026-03-29,Halaman Arsip,55
2026-03-30,Halaman Arsip,89
2026-03-31,Halaman Arsip,79
2026-04-01,Halaman Arsip,89
2026-04-02,Halaman Arsip,26
2026-04-03,Halaman Arsip,36
2026-04-04,Halaman Arsip,55
2026-04-05,Halaman Arsip,79
2026-04-06,Halaman Arsip,64
2026-04-07,Halaman Arsip,59
2026-04-08,Halaman Arsip,94
2026-04-09,Halaman Arsip,48
2026-04-10,Halaman Arsip,95
2026-04-11,Halaman Arsip,28
2026-04-12,Halaman Arsip,25
2026-04-13,Halaman Arsip,47
2026-04-14,Halaman Arsip,90
2026-04-15,Halaman Arsip,71
2026-04-16,Halaman Arsip,39
2026-04-17,Halaman Arsip,40
2026-04-18,Halaman Arsip,31
2026-04-19,Halaman Arsip,57
2026-04-20,Halaman Arsip,46
2026-04-21,Halaman Arsip,31
2026-04-22,Halaman Arsip,44
2026-04-23,Halaman Arsip,42
2026-04-24,Halaman Arsip,113
2026-04-25,Halaman Arsip,51
2026-04-26,Halaman Arsip,82
2026-04-27,Halaman Arsip,35
2026-04-28,Halaman Arsip,121
2026-04-29,Halaman Arsip,38
2026-04-30,Halaman Arsip,41
2025-04-30,Halaman Informasi,2
2025-05-02,Halaman Informasi,6
2025-05-03,Halaman Informasi,6
2025-05-05,Halaman Informasi,2
2025-05-07,Halaman Informasi,2
2025-05-08,Halaman Informasi,2
2025-05-09,Halaman Informasi,6
2025-05-12,Halaman Informasi,16
2025-05-13,Halaman Informasi,6
2025-05-14,Halaman Informasi,12
2025-05-18,Halaman Informasi,12
2025-05-21,Halaman Informasi,2
2025-05-22,Halaman Informasi,10
2025-05-23,Halaman Informasi,4
2025-05-24,Halaman Informasi,2
2025-05-30,Halaman Informasi,2
2025-06-03,Halaman Informasi,6
2025-06-06,Halaman Informasi,4
2025-06-11,Halaman Informasi,2
2025-06-15,Halaman Informasi,4
2025-06-16,Halaman Informasi,6
2025-06-17,Halaman Informasi,16
2025-06-18,Halaman Informasi,12
2025-06-22,Halaman Informasi,12
2025-06-23,Halaman Informasi,2
2025-06-24,Halaman Informasi,2
2025-06-25,Halaman Informasi,2
2025-06-27,Halaman Informasi,10
2025-06-30,Halaman Informasi,8
2025-07-01,Halaman Informasi,2
2025-07-02,Halaman Informasi,2
2025-07-03,Halaman Informasi,4
2025-07-04,Halaman Informasi,4
2025-07-05,Halaman Informasi,8
2025-07-08,Halaman Informasi,4
2025-07-09,Halaman Informasi,6
2025-07-11,Halaman Informasi,4
2025-07-14,Halaman Informasi,24
2025-07-15,Halaman Informasi,8
2025-07-16,Halaman Informasi,14
2025-07-18,Halaman Informasi,2
2025-07-23,Halaman Informasi,10
2025-07-29,Halaman Informasi,4
2025-07-30,Halaman Informasi,6
2025-07-31,Halaman Informasi,2
2025-08-01,Halaman Informasi,2
2025-08-02,Halaman Informasi,4
2025-08-03,Halaman Informasi,2
2025-08-04,Halaman Informasi,2
2025-08-05,Halaman Informasi,2
2025-08-06,Halaman Informasi,8
2025-08-07,Halaman Informasi,4
2025-08-08,Halaman Informasi,2
2025-08-11,Halaman Informasi,8
2025-08-12,Halaman Informasi,2
2025-08-13,Halaman Informasi,12
2025-08-15,Halaman Informasi,8
2025-08-17,Halaman Informasi,2
2025-08-19,Halaman Informasi,10
2025-08-20,Halaman Informasi,6
2025-08-24,Halaman Informasi,2
2025-08-26,Halaman Informasi,2
2025-08-27,Halaman Informasi,6
2025-08-28,Halaman Informasi,6
2025-08-29,Halaman Informasi,2
2025-09-07,Halaman Informasi,2
2025-09-10,Halaman Informasi,2
2025-09-11,Halaman Informasi,8
2025-09-13,Halaman Informasi,14
2025-09-16,Halaman Informasi,4
2025-09-17,Halaman Informasi,10
2025-09-18,Halaman Informasi,2
2025-09-20,Halaman Informasi,2
2025-09-21,Halaman Informasi,4
2025-09-22,Halaman Informasi,6
2025-09-23,Halaman Informasi,2
2025-09-24,Halaman Informasi,4
2025-09-25,Halaman Informasi,14
2025-09-27,Halaman Informasi,14
2025-09-30,Halaman Informasi,2
2025-10-02,Halaman Informasi,4
2025-10-08,Halaman Informasi,2
2025-10-09,Halaman Informasi,2
2025-10-11,Halaman Informasi,2
2025-10-13,Halaman Informasi,18
2025-10-14,Halaman Informasi,14
2025-10-16,Halaman Informasi,2
2025-10-17,Halaman Informasi,12
2025-10-18,Halaman Informasi,6
2025-10-19,Halaman Informasi,2
2025-10-20,Halaman Informasi,2
2025-10-21,Halaman Informasi,2
2025-10-23,Halaman Informasi,2
2025-10-24,Halaman Informasi,2
2025-10-25,Halaman Informasi,2
2025-10-26,Halaman Informasi,2
2025-10-27,Halaman Informasi,6
2025-10-28,Halaman Informasi,6
2025-10-30,Halaman Informasi,2
2025-10-31,Halaman Informasi,0
2025-11-01,Halaman Informasi,4
2025-11-02,Halaman Informasi,2
2025-11-03,Halaman Informasi,4
2025-11-04,Halaman Informasi,4
2025-11-05,Halaman Informasi,2
2025-11-07,Halaman Informasi,2
2025-11-08,Halaman Informasi,4
2025-11-09,Halaman Informasi,8
2025-11-11,Halaman Informasi,44
2025-11-12,Halaman Informasi,4
2025-11-13,Halaman Informasi,2
2025-11-14,Halaman Informasi,4
2025-11-16,Halaman Informasi,2
2025-11-18,Halaman Informasi,2
2025-11-19,Halaman Informasi,6
2025-11-21,Halaman Informasi,2
2025-11-22,Halaman Informasi,2
2025-11-24,Halaman Informasi,4
2025-11-26,Halaman Informasi,2
2025-11-30,Halaman Informasi,2
2025-12-02,Halaman Informasi,6
2025-12-03,Halaman Informasi,2
2025-12-06,Halaman Informasi,2
2025-12-07,Halaman Informasi,2
2025-12-08,Halaman Informasi,2
2025-12-10,Halaman Informasi,4
2025-12-11,Halaman Informasi,19
2025-12-12,Halaman Informasi,4
2025-12-13,Halaman Informasi,1
2025-12-14,Halaman Informasi,2
2025-12-15,Halaman Informasi,2
2025-12-16,Halaman Informasi,2
2025-12-17,Halaman Informasi,2
2025-12-19,Halaman Informasi,4
2025-12-20,Halaman Informasi,3
2025-12-23,Halaman Informasi,4
2025-12-25,Halaman Informasi,2
2025-12-26,Halaman Informasi,2
2025-12-27,Halaman Informasi,2
2025-12-28,Halaman Informasi,4
2026-01-01,Halaman Informasi,3
2026-01-02,Halaman Informasi,1
2026-01-03,Halaman Informasi,6
2026-01-04,Halaman Informasi,2
2026-01-05,Halaman Informasi,1
2026-01-06,Halaman Informasi,2
2026-01-08,Halaman Informasi,4
2026-01-09,Halaman Informasi,18
2026-01-10,Halaman Informasi,2
2026-01-11,Halaman Informasi,8
2026-01-14,Halaman Informasi,4
2026-01-16,Halaman Informasi,2
2026-01-17,Halaman Informasi,4
2026-01-18,Halaman Informasi,2
2026-01-20,Halaman Informasi,5
2026-01-21,Halaman Informasi,4
2026-01-22,Halaman Informasi,6
2026-01-23,Halaman Informasi,6
2026-01-26,Halaman Informasi,1
2026-01-27,Halaman Informasi,4
2026-01-28,Halaman Informasi,1
2026-01-29,Halaman Informasi,9
2026-01-30,Halaman Informasi,6
2026-01-31,Halaman Informasi,1
2026-02-01,Halaman Informasi,2
2026-02-04,Halaman Informasi,2
2026-02-05,Halaman Informasi,4
2026-02-06,Halaman Informasi,10
2026-02-07,Halaman Informasi,4
2026-02-08,Halaman Informasi,16
2026-02-09,Halaman Informasi,6
2026-02-10,Halaman Informasi,8
2026-02-12,Halaman Informasi,1
2026-02-13,Halaman Informasi,3
2026-02-14,Halaman Informasi,4
2026-02-15,Halaman Informasi,4
2026-02-16,Halaman Informasi,2
2026-02-18,Halaman Informasi,4
2026-02-19,Halaman Informasi,2
2026-02-21,Halaman Informasi,3
2026-02-22,Halaman Informasi,4
2026-02-24,Halaman Informasi,8
2026-02-26,Halaman Informasi,8
2026-03-01,Halaman Informasi,2
2026-03-02,Halaman Informasi,6
2026-03-03,Halaman Informasi,4
2026-03-05,Halaman Informasi,6
2026-03-06,Halaman Informasi,6
2026-03-07,Halaman Informasi,1
2026-03-08,Halaman Informasi,4
2026-03-09,Halaman Informasi,18
2026-03-10,Halaman Informasi,8
2026-03-11,Halaman Informasi,1
2026-03-13,Halaman Informasi,2
2026-03-14,Halaman Informasi,1
2026-03-15,Halaman Informasi,2
2026-03-16,Halaman Informasi,2
2026-03-18,Halaman Informasi,4
2026-03-20,Halaman Informasi,2
2026-03-23,Halaman Informasi,3
2026-03-25,Halaman Informasi,4
2026-03-26,Halaman Informasi,4
2026-03-27,Halaman Informasi,2
2026-03-28,Halaman Informasi,10
2026-03-29,Halaman Informasi,4
2026-03-30,Halaman Informasi,4
2026-03-31,Halaman Informasi,4
2026-04-01,Halaman Informasi,6
2026-04-02,Halaman Informasi,8
2026-04-03,Halaman Informasi,2
2026-04-04,Halaman Informasi,2
2026-04-05,Halaman Informasi,7
2026-04-06,Halaman Informasi,4
2026-04-07,Halaman Informasi,2
2026-04-08,Halaman Informasi,14
2026-04-10,Halaman Informasi,2
2026-04-11,Halaman Informasi,2
2026-04-12,Halaman Informasi,4
2026-04-14,Halaman Informasi,10
2026-04-15,Halaman Informasi,6
2026-04-17,Halaman Informasi,2
2026-04-18,Halaman Informasi,2
2026-04-19,Halaman Informasi,4
2026-04-21,Halaman Informasi,4
2026-04-22,Halaman Informasi,2
2026-04-24,Halaman Informasi,1
2026-04-26,Halaman Informasi,2
2026-04-27,Halaman Informasi,4
2026-04-28,Halaman Informasi,4
2026-04-29,Halaman Informasi,3
2025-04-30,Homepage,433
2025-05-01,Homepage,341
2025-05-02,Homepage,399
2025-05-03,Homepage,450
2025-05-04,Homepage,397
2025-05-05,Homepage,492
2025-05-06,Homepage,611
2025-05-07,Homepage,528
2025-05-08,Homepage,570
2025-05-09,Homepage,596
2025-05-10,Homepage,451
2025-05-11,Homepage,558
2025-05-12,Homepage,619
2025-05-13,Homepage,520
2025-05-14,Homepage,542
2025-05-15,Homepage,456
2025-05-16,Homepage,518
2025-05-17,Homepage,454
2025-05-18,Homepage,466
2025-05-19,Homepage,475
2025-05-20,Homepage,477
2025-05-21,Homepage,422
2025-05-22,Homepage,445
2025-05-23,Homepage,517
2025-05-24,Homepage,630
2025-05-25,Homepage,480
2025-05-26,Homepage,653
2025-05-27,Homepage,537
2025-05-28,Homepage,236
2025-05-29,Homepage,6
2025-05-30,Homepage,436
2025-05-31,Homepage,563
2025-06-01,Homepage,590
2025-06-02,Homepage,544
2025-06-03,Homepage,600
2025-06-04,Homepage,540
2025-06-05,Homepage,438
2025-06-06,Homepage,390
2025-06-07,Homepage,370
2025-06-08,Homepage,471
2025-06-09,Homepage,497
2025-06-10,Homepage,566
2025-06-11,Homepage,578
2025-06-12,Homepage,524
2025-06-13,Homepage,695
2025-06-14,Homepage,534
2025-06-15,Homepage,694
2025-06-16,Homepage,714
2025-06-17,Homepage,871
2025-06-18,Homepage,736
2025-06-19,Homepage,751
2025-06-20,Homepage,736
2025-06-21,Homepage,902
2025-06-22,Homepage,904
2025-06-23,Homepage,1063
2025-06-24,Homepage,962
2025-06-25,Homepage,896
2025-06-26,Homepage,1149
2025-06-27,Homepage,1060
2025-06-28,Homepage,928
2025-06-29,Homepage,1086
2025-06-30,Homepage,1136
2025-07-01,Homepage,1147
2025-07-02,Homepage,1033
2025-07-03,Homepage,876
2025-07-04,Homepage,839
2025-07-05,Homepage,740
2025-07-06,Homepage,839
2025-07-07,Homepage,902
2025-07-08,Homepage,934
2025-07-09,Homepage,802
2025-07-10,Homepage,751
2025-07-11,Homepage,714
2025-07-12,Homepage,553
2025-07-13,Homepage,560
2025-07-14,Homepage,685
2025-07-15,Homepage,691
2025-07-16,Homepage,679
2025-07-17,Homepage,637
2025-07-18,Homepage,498
2025-07-19,Homepage,515
2025-07-20,Homepage,581
2025-07-21,Homepage,718
2025-07-22,Homepage,767
2025-07-23,Homepage,728
2025-07-24,Homepage,733
2025-07-25,Homepage,566
2025-07-26,Homepage,776
2025-07-27,Homepage,697
2025-07-28,Homepage,667
2025-07-29,Homepage,625
2025-07-30,Homepage,535
2025-07-31,Homepage,497
2025-08-01,Homepage,690
2025-08-02,Homepage,488
2025-08-03,Homepage,533
2025-08-04,Homepage,782
2025-08-05,Homepage,695
2025-08-06,Homepage,610
2025-08-07,Homepage,646
2025-08-08,Homepage,693
2025-08-09,Homepage,743
2025-08-10,Homepage,770
2025-08-11,Homepage,1139
2025-08-12,Homepage,890
2025-08-13,Homepage,736
2025-08-14,Homepage,695
2025-08-15,Homepage,641
2025-08-16,Homepage,688
2025-08-17,Homepage,530
2025-08-18,Homepage,574
2025-08-19,Homepage,616
2025-08-20,Homepage,601
2025-08-21,Homepage,579
2025-08-22,Homepage,821
2025-08-23,Homepage,673
2025-08-24,Homepage,545
2025-08-25,Homepage,556
2025-08-26,Homepage,595
2025-08-27,Homepage,570
2025-08-28,Homepage,680
2025-08-29,Homepage,601
2025-08-30,Homepage,578
2025-08-31,Homepage,578
2025-09-01,Homepage,513
2025-09-02,Homepage,567
2025-09-03,Homepage,578
2025-09-04,Homepage,526
2025-09-05,Homepage,490
2025-09-06,Homepage,452
2025-09-07,Homepage,354
2025-09-08,Homepage,407
2025-09-09,Homepage,491
2025-09-10,Homepage,466
2025-09-11,Homepage,523
2025-09-12,Homepage,487
2025-09-13,Homepage,564
2025-09-14,Homepage,415
2025-09-15,Homepage,490
2025-09-16,Homepage,441
2025-09-17,Homepage,549
2025-09-18,Homepage,592
2025-09-19,Homepage,485
2025-09-20,Homepage,451
2025-09-21,Homepage,558
2025-09-22,Homepage,572
2025-09-23,Homepage,451
2025-09-24,Homepage,477
2025-09-25,Homepage,401
2025-09-26,Homepage,386
2025-09-27,Homepage,406
2025-09-28,Homepage,521
2025-09-29,Homepage,486
2025-09-30,Homepage,412
2025-10-01,Homepage,305
2025-10-02,Homepage,427
2025-10-03,Homepage,402
2025-10-04,Homepage,352
2025-10-05,Homepage,360
2025-10-06,Homepage,372
2025-10-07,Homepage,301
2025-10-08,Homepage,307
2025-10-09,Homepage,296
2025-10-10,Homepage,321
2025-10-11,Homepage,337
2025-10-12,Homepage,336
2025-10-13,Homepage,302
2025-10-14,Homepage,373
2025-10-15,Homepage,287
2025-10-16,Homepage,327
2025-10-17,Homepage,319
2025-10-18,Homepage,378
2025-10-19,Homepage,424
2025-10-20,Homepage,564
2025-10-21,Homepage,483
2025-10-22,Homepage,398
2025-10-23,Homepage,371
2025-10-24,Homepage,348
2025-10-25,Homepage,326
2025-10-26,Homepage,433
2025-10-27,Homepage,349
2025-10-28,Homepage,320
2025-10-29,Homepage,318
2025-10-30,Homepage,331
2025-10-31,Homepage,392
2025-11-01,Homepage,388
2025-11-02,Homepage,362
2025-11-03,Homepage,451
2025-11-04,Homepage,622
2025-11-05,Homepage,487
2025-11-06,Homepage,474
2025-11-07,Homepage,442
2025-11-08,Homepage,468
2025-11-09,Homepage,453
2025-11-10,Homepage,412
2025-11-11,Homepage,337
2025-11-12,Homepage,361
2025-11-13,Homepage,318
2025-11-14,Homepage,370
2025-11-15,Homepage,298
2025-11-16,Homepage,296
2025-11-17,Homepage,1322
2025-11-18,Homepage,476
2025-11-19,Homepage,326
2025-11-20,Homepage,310
2025-11-21,Homepage,438
2025-11-22,Homepage,497
2025-11-23,Homepage,417
2025-11-24,Homepage,352
2025-11-25,Homepage,568
2025-11-26,Homepage,517
2025-11-27,Homepage,477
2025-11-28,Homepage,414
2025-11-29,Homepage,470
2025-11-30,Homepage,375
2025-12-01,Homepage,438
2025-12-02,Homepage,430
2025-12-03,Homepage,464
2025-12-04,Homepage,398
2025-12-05,Homepage,410
2025-12-06,Homepage,376
2025-12-07,Homepage,458
2025-12-08,Homepage,476
2025-12-09,Homepage,478
2025-12-10,Homepage,390
2025-12-11,Homepage,409
2025-12-12,Homepage,372
2025-12-13,Homepage,354
2025-12-14,Homepage,403
2025-12-15,Homepage,325
2025-12-16,Homepage,327
2025-12-17,Homepage,415
2025-12-18,Homepage,390
2025-12-19,Homepage,378
2025-12-20,Homepage,353
2025-12-21,Homepage,341
2025-12-22,Homepage,379
2025-12-23,Homepage,464
2025-12-24,Homepage,365
2025-12-25,Homepage,282
2025-12-26,Homepage,394
2025-12-27,Homepage,337
2025-12-28,Homepage,396
2025-12-29,Homepage,442
2025-12-30,Homepage,443
2025-12-31,Homepage,359
2026-01-01,Homepage,379
2026-01-02,Homepage,422
2026-01-03,Homepage,430
2026-01-04,Homepage,447
2026-01-05,Homepage,534
2026-01-06,Homepage,487
2026-01-07,Homepage,453
2026-01-08,Homepage,493
2026-01-09,Homepage,507
2026-01-10,Homepage,462
2026-01-11,Homepage,616
2026-01-12,Homepage,610
2026-01-13,Homepage,713
2026-01-14,Homepage,635
2026-01-15,Homepage,627
2026-01-16,Homepage,583
2026-01-17,Homepage,556
2026-01-18,Homepage,915
2026-01-19,Homepage,672
2026-01-20,Homepage,717
2026-01-21,Homepage,772
2026-01-22,Homepage,670
2026-01-23,Homepage,541
2026-01-24,Homepage,611
2026-01-25,Homepage,670
2026-01-26,Homepage,628
2026-01-27,Homepage,611
2026-01-28,Homepage,634
2026-01-29,Homepage,682
2026-01-30,Homepage,725
2026-01-31,Homepage,658
2026-02-01,Homepage,779
2026-02-02,Homepage,787
2026-02-03,Homepage,582
2026-02-04,Homepage,571
2026-02-05,Homepage,598
2026-02-06,Homepage,702
2026-02-07,Homepage,670
2026-02-08,Homepage,670
2026-02-09,Homepage,1190
2026-02-10,Homepage,765
2026-02-11,Homepage,552
2026-02-12,Homepage,576
2026-02-13,Homepage,511
2026-02-14,Homepage,617
2026-02-15,Homepage,591
2026-02-16,Homepage,495
2026-02-17,Homepage,422
2026-02-18,Homepage,511
2026-02-19,Homepage,577
2026-02-20,Homepage,507
2026-02-21,Homepage,500
2026-02-22,Homepage,450
2026-02-23,Homepage,503
2026-02-24,Homepage,642
2026-02-25,Homepage,501
2026-02-26,Homepage,564
2026-02-27,Homepage,493
2026-02-28,Homepage,382
2026-03-01,Homepage,332
2026-03-02,Homepage,476
2026-03-03,Homepage,382
2026-03-04,Homepage,312
2026-03-05,Homepage,378
2026-03-06,Homepage,376
2026-03-07,Homepage,290
2026-03-08,Homepage,295
2026-03-09,Homepage,343
2026-03-10,Homepage,329
2026-03-11,Homepage,388
2026-03-12,Homepage,259
2026-03-13,Homepage,289
2026-03-14,Homepage,187
2026-03-15,Homepage,259
2026-03-16,Homepage,261
2026-03-17,Homepage,187
2026-03-18,Homepage,214
2026-03-19,Homepage,168
2026-03-20,Homepage,162
2026-03-21,Homepage,120
2026-03-22,Homepage,138
2026-03-23,Homepage,172
2026-03-24,Homepage,196
2026-03-25,Homepage,183
2026-03-26,Homepage,178
2026-03-27,Homepage,204
2026-03-28,Homepage,173
2026-03-29,Homepage,208
2026-03-30,Homepage,262
2026-03-31,Homepage,225
2026-04-01,Homepage,304
2026-04-02,Homepage,236
2026-04-03,Homepage,234
2026-04-04,Homepage,279
2026-04-05,Homepage,213
2026-04-06,Homepage,295
2026-04-07,Homepage,286
2026-04-08,Homepage,323
2026-04-09,Homepage,248
2026-04-10,Homepage,278
2026-04-11,Homepage,362
2026-04-12,Homepage,241
2026-04-13,Homepage,296
2026-04-14,Homepage,290
2026-04-15,Homepage,284
2026-04-16,Homepage,279
2026-04-17,Homepage,274
2026-04-18,Homepage,318
2026-04-19,Homepage,291
2026-04-20,Homepage,301
2026-04-21,Homepage,314
2026-04-22,Homepage,346
2026-04-23,Homepage,310
2026-04-24,Homepage,432
2026-04-25,Homepage,467
2026-04-26,Homepage,371
2026-04-27,Homepage,400
2026-04-28,Homepage,495
2026-04-29,Homepage,400
2026-04-30,Homepage,298
2025-04-30,Intip Lawan,14
2025-05-01,Intip Lawan,4
2025-05-02,Intip Lawan,9
2025-05-03,Intip Lawan,21
2025-05-04,Intip Lawan,10
2025-05-05,Intip Lawan,129
2025-05-06,Intip Lawan,25
2025-05-07,Intip Lawan,8
2025-05-08,Intip Lawan,6
2025-05-09,Intip Lawan,14
2025-05-10,Intip Lawan,8
2025-05-11,Intip Lawan,10
2025-05-12,Intip Lawan,2
2025-05-13,Intip Lawan,14
2025-05-14,Intip Lawan,7
2025-05-15,Intip Lawan,4
2025-05-16,Intip Lawan,2
2025-05-17,Intip Lawan,7
2025-05-18,Intip Lawan,4
2025-05-19,Intip Lawan,335
2025-05-20,Intip Lawan,224
2025-05-21,Intip Lawan,547
2025-05-22,Intip Lawan,720
2025-05-23,Intip Lawan,2676
2025-05-24,Intip Lawan,266
2025-05-25,Intip Lawan,29
2025-05-26,Intip Lawan,30
2025-05-27,Intip Lawan,42
2025-05-28,Intip Lawan,8
2025-05-30,Intip Lawan,6
2025-05-31,Intip Lawan,12
2025-06-01,Intip Lawan,2
2025-06-02,Intip Lawan,2
2025-06-03,Intip Lawan,8
2025-06-04,Intip Lawan,4
2025-06-05,Intip Lawan,4
2025-06-06,Intip Lawan,2
2025-06-07,Intip Lawan,2
2025-06-08,Intip Lawan,8
2025-06-09,Intip Lawan,2
2025-06-10,Intip Lawan,2
2025-06-11,Intip Lawan,2
2025-06-12,Intip Lawan,6
2025-06-13,Intip Lawan,5
2025-06-15,Intip Lawan,2
2025-06-16,Intip Lawan,6
2025-06-17,Intip Lawan,8
2025-06-18,Intip Lawan,11
2025-06-19,Intip Lawan,8
2025-06-22,Intip Lawan,5
2025-06-23,Intip Lawan,4
2025-06-24,Intip Lawan,4
2025-06-25,Intip Lawan,8
2025-06-26,Intip Lawan,2
2025-06-27,Intip Lawan,9
2025-06-28,Intip Lawan,647
2025-06-29,Intip Lawan,609
2025-06-30,Intip Lawan,243
2025-07-01,Intip Lawan,100
2025-07-02,Intip Lawan,68
2025-07-03,Intip Lawan,48
2025-07-04,Intip Lawan,10
2025-07-05,Intip Lawan,12
2025-07-06,Intip Lawan,13
2025-07-07,Intip Lawan,236
2025-07-08,Intip Lawan,199
2025-07-09,Intip Lawan,34
2025-07-10,Intip Lawan,17
2025-07-11,Intip Lawan,22
2025-07-12,Intip Lawan,2
2025-07-13,Intip Lawan,10
2025-07-14,Intip Lawan,6
2025-07-15,Intip Lawan,2
2025-07-21,Intip Lawan,2
2025-07-22,Intip Lawan,2
2025-07-23,Intip Lawan,2
2025-07-24,Intip Lawan,4
2025-07-25,Intip Lawan,4
2025-07-26,Intip Lawan,2
2025-07-27,Intip Lawan,2
2025-07-28,Intip Lawan,4
2025-07-29,Intip Lawan,4
2025-07-30,Intip Lawan,2
2025-08-01,Intip Lawan,8
2025-08-03,Intip Lawan,2
2025-08-04,Intip Lawan,2
2025-08-08,Intip Lawan,7
2025-08-09,Intip Lawan,2
2025-08-10,Intip Lawan,2
2025-08-12,Intip Lawan,2
2025-08-14,Intip Lawan,2
2025-08-15,Intip Lawan,6
2025-08-16,Intip Lawan,2
2025-08-19,Intip Lawan,6
2025-08-20,Intip Lawan,9
2025-08-21,Intip Lawan,2
2025-08-22,Intip Lawan,4
2025-08-24,Intip Lawan,4
2025-08-25,Intip Lawan,4
2025-08-26,Intip Lawan,2
2025-08-28,Intip Lawan,2
2025-08-30,Intip Lawan,2
2025-09-03,Intip Lawan,2
2025-09-05,Intip Lawan,8
2025-09-07,Intip Lawan,4
2025-09-09,Intip Lawan,2
2025-09-10,Intip Lawan,2
2025-09-15,Intip Lawan,5
2025-09-17,Intip Lawan,9
2025-09-22,Intip Lawan,4
2025-09-23,Intip Lawan,2
2025-09-24,Intip Lawan,2
2025-09-25,Intip Lawan,2
2025-09-27,Intip Lawan,2
2025-09-30,Intip Lawan,4
2025-10-01,Intip Lawan,2
2025-10-02,Intip Lawan,2
2025-10-03,Intip Lawan,2
2025-10-08,Intip Lawan,3
2025-10-10,Intip Lawan,2
2025-10-13,Intip Lawan,2
2025-10-14,Intip Lawan,2
2025-10-16,Intip Lawan,2
2025-10-17,Intip Lawan,8
2025-10-19,Intip Lawan,2
2025-10-20,Intip Lawan,2
2025-10-24,Intip Lawan,2
2025-10-25,Intip Lawan,2
2025-10-26,Intip Lawan,4
2025-10-27,Intip Lawan,9
2025-10-28,Intip Lawan,17
2025-10-29,Intip Lawan,17
2025-10-30,Intip Lawan,2
2025-10-31,Intip Lawan,2
2025-11-01,Intip Lawan,2
2025-11-02,Intip Lawan,6
2025-11-03,Intip Lawan,4
2025-11-05,Intip Lawan,6
2025-11-06,Intip Lawan,2
2025-11-08,Intip Lawan,6
2025-11-10,Intip Lawan,4
2025-11-11,Intip Lawan,2
2025-11-12,Intip Lawan,8
2025-11-15,Intip Lawan,8
2025-11-16,Intip Lawan,3
2025-11-17,Intip Lawan,4
2025-11-18,Intip Lawan,2
2025-11-19,Intip Lawan,2
2025-11-20,Intip Lawan,2
2025-11-21,Intip Lawan,2
2025-11-22,Intip Lawan,25
2025-11-23,Intip Lawan,21
2025-11-25,Intip Lawan,2
2025-11-27,Intip Lawan,2
2025-11-30,Intip Lawan,2
2025-12-02,Intip Lawan,1
2025-12-03,Intip Lawan,2
2025-12-04,Intip Lawan,0
2025-12-05,Intip Lawan,0
2025-12-07,Intip Lawan,4
2025-12-08,Intip Lawan,2
2025-12-09,Intip Lawan,3
2025-12-10,Intip Lawan,2
2025-12-11,Intip Lawan,21
2025-12-12,Intip Lawan,22
2025-12-13,Intip Lawan,2
2025-12-15,Intip Lawan,1
2025-12-16,Intip Lawan,1
2025-12-17,Intip Lawan,8
2025-12-18,Intip Lawan,6
2025-12-19,Intip Lawan,5
2025-12-20,Intip Lawan,2
2025-12-22,Intip Lawan,344
2025-12-23,Intip Lawan,122
2025-12-24,Intip Lawan,32
2025-12-25,Intip Lawan,29
2025-12-26,Intip Lawan,31
2025-12-27,Intip Lawan,19
2025-12-28,Intip Lawan,5
2025-12-29,Intip Lawan,15
2025-12-30,Intip Lawan,3
2025-12-31,Intip Lawan,6
2026-01-01,Intip Lawan,6
2026-01-02,Intip Lawan,6
2026-01-03,Intip Lawan,2
2026-01-04,Intip Lawan,2
2026-01-05,Intip Lawan,4
2026-01-06,Intip Lawan,1
2026-01-08,Intip Lawan,2
2026-01-09,Intip Lawan,4
2026-01-10,Intip Lawan,2
2026-01-11,Intip Lawan,4
2026-01-12,Intip Lawan,6
2026-01-13,Intip Lawan,8
2026-01-14,Intip Lawan,9
2026-01-15,Intip Lawan,5
2026-01-16,Intip Lawan,9
2026-01-17,Intip Lawan,3
2026-01-18,Intip Lawan,1
2026-01-19,Intip Lawan,12
2026-01-20,Intip Lawan,11
2026-01-21,Intip Lawan,6
2026-01-22,Intip Lawan,11
2026-01-23,Intip Lawan,12
2026-01-24,Intip Lawan,4
2026-01-25,Intip Lawan,5
2026-01-26,Intip Lawan,17
2026-01-27,Intip Lawan,40
2026-01-28,Intip Lawan,19
2026-01-29,Intip Lawan,17
2026-01-30,Intip Lawan,61
2026-01-31,Intip Lawan,18
2026-02-01,Intip Lawan,17
2026-02-02,Intip Lawan,9
2026-02-03,Intip Lawan,9
2026-02-04,Intip Lawan,26
2026-02-05,Intip Lawan,15
2026-02-06,Intip Lawan,13
2026-02-07,Intip Lawan,2
2026-02-08,Intip Lawan,4
2026-02-09,Intip Lawan,2
2026-02-10,Intip Lawan,12
2026-02-11,Intip Lawan,3
2026-02-12,Intip Lawan,4
2026-02-13,Intip Lawan,0
2026-02-14,Intip Lawan,8
2026-02-15,Intip Lawan,212
2026-02-16,Intip Lawan,11
2026-02-17,Intip Lawan,16
2026-02-18,Intip Lawan,9
2026-02-19,Intip Lawan,6
2026-02-20,Intip Lawan,19
2026-02-21,Intip Lawan,7
2026-02-22,Intip Lawan,1
2026-02-23,Intip Lawan,7
2026-02-24,Intip Lawan,2
2026-02-25,Intip Lawan,6
2026-02-26,Intip Lawan,10
2026-03-01,Intip Lawan,4
2026-03-02,Intip Lawan,3
2026-03-03,Intip Lawan,9
2026-03-04,Intip Lawan,52
2026-03-05,Intip Lawan,104
2026-03-06,Intip Lawan,38
2026-03-07,Intip Lawan,4
2026-03-08,Intip Lawan,10
2026-03-09,Intip Lawan,1
2026-03-10,Intip Lawan,5
2026-03-11,Intip Lawan,6
2026-03-12,Intip Lawan,16
2026-03-13,Intip Lawan,3
2026-03-14,Intip Lawan,6
2026-03-15,Intip Lawan,2
2026-03-16,Intip Lawan,4
2026-03-17,Intip Lawan,5
2026-03-19,Intip Lawan,9
2026-03-20,Intip Lawan,7
2026-03-21,Intip Lawan,1
2026-03-22,Intip Lawan,7
2026-03-23,Intip Lawan,6
2026-03-24,Intip Lawan,6
2026-03-25,Intip Lawan,31
2026-03-26,Intip Lawan,91
2026-03-27,Intip Lawan,57
2026-03-28,Intip Lawan,12
2026-03-29,Intip Lawan,12
2026-03-30,Intip Lawan,6
2026-03-31,Intip Lawan,14
2026-04-01,Intip Lawan,19
2026-04-02,Intip Lawan,1
2026-04-05,Intip Lawan,2
2026-04-06,Intip Lawan,3
2026-04-07,Intip Lawan,2
2026-04-08,Intip Lawan,2
2026-04-11,Intip Lawan,2
2026-04-12,Intip Lawan,0
2026-04-14,Intip Lawan,63
2026-04-15,Intip Lawan,89
2026-04-16,Intip Lawan,15
2026-04-17,Intip Lawan,2
2026-04-18,Intip Lawan,2
2026-04-19,Intip Lawan,5
2026-04-20,Intip Lawan,2
2026-04-21,Intip Lawan,2
2026-04-22,Intip Lawan,2
2026-04-23,Intip Lawan,2
2026-04-24,Intip Lawan,1
2026-04-25,Intip Lawan,1
2026-04-26,Intip Lawan,6
2026-04-27,Intip Lawan,1
2026-04-28,Intip Lawan,2
2026-04-29,Intip Lawan,2
2025-05-06,"Jadwal, Hasil & Klasemen",2
2025-05-07,"Jadwal, Hasil & Klasemen",2
2025-05-09,"Jadwal, Hasil & Klasemen",4
2025-05-10,"Jadwal, Hasil & Klasemen",2
2025-05-11,"Jadwal, Hasil & Klasemen",10
2025-05-13,"Jadwal, Hasil & Klasemen",2
2025-05-15,"Jadwal, Hasil & Klasemen",2
2025-05-18,"Jadwal, Hasil & Klasemen",13
2025-05-19,"Jadwal, Hasil & Klasemen",4
2025-05-24,"Jadwal, Hasil & Klasemen",6
2025-05-28,"Jadwal, Hasil & Klasemen",2
2025-06-01,"Jadwal, Hasil & Klasemen",2
2025-06-18,"Jadwal, Hasil & Klasemen",2
2025-06-24,"Jadwal, Hasil & Klasemen",2
2025-06-30,"Jadwal, Hasil & Klasemen",2
2025-07-01,"Jadwal, Hasil & Klasemen",2
2025-07-05,"Jadwal, Hasil & Klasemen",4
2025-07-06,"Jadwal, Hasil & Klasemen",2
2025-07-07,"Jadwal, Hasil & Klasemen",2
2025-07-10,"Jadwal, Hasil & Klasemen",2
2025-07-11,"Jadwal, Hasil & Klasemen",4
2025-07-13,"Jadwal, Hasil & Klasemen",2
2025-07-14,"Jadwal, Hasil & Klasemen",2
2025-07-16,"Jadwal, Hasil & Klasemen",4
2025-07-17,"Jadwal, Hasil & Klasemen",2
2025-07-19,"Jadwal, Hasil & Klasemen",8
2025-07-20,"Jadwal, Hasil & Klasemen",4
2025-07-21,"Jadwal, Hasil & Klasemen",2
2025-07-22,"Jadwal, Hasil & Klasemen",4
2025-07-26,"Jadwal, Hasil & Klasemen",2
2025-07-30,"Jadwal, Hasil & Klasemen",2
2025-08-04,"Jadwal, Hasil & Klasemen",2
2025-08-09,"Jadwal, Hasil & Klasemen",2
2025-08-11,"Jadwal, Hasil & Klasemen",20
2025-08-13,"Jadwal, Hasil & Klasemen",4
2025-08-15,"Jadwal, Hasil & Klasemen",2
2025-08-18,"Jadwal, Hasil & Klasemen",2
2025-08-20,"Jadwal, Hasil & Klasemen",2
2025-08-22,"Jadwal, Hasil & Klasemen",4
2025-08-24,"Jadwal, Hasil & Klasemen",4
2025-08-25,"Jadwal, Hasil & Klasemen",2
2025-08-29,"Jadwal, Hasil & Klasemen",6
2025-08-30,"Jadwal, Hasil & Klasemen",4
2025-09-05,"Jadwal, Hasil & Klasemen",2
2025-09-06,"Jadwal, Hasil & Klasemen",2
2025-09-07,"Jadwal, Hasil & Klasemen",4
2025-09-11,"Jadwal, Hasil & Klasemen",4
2025-09-12,"Jadwal, Hasil & Klasemen",2
2025-09-13,"Jadwal, Hasil & Klasemen",6
2025-09-14,"Jadwal, Hasil & Klasemen",2
2025-09-21,"Jadwal, Hasil & Klasemen",4
2025-09-25,"Jadwal, Hasil & Klasemen",2
2025-09-27,"Jadwal, Hasil & Klasemen",2
2025-09-29,"Jadwal, Hasil & Klasemen",10
2025-09-30,"Jadwal, Hasil & Klasemen",30
2025-10-01,"Jadwal, Hasil & Klasemen",4
2025-10-04,"Jadwal, Hasil & Klasemen",12
2025-10-05,"Jadwal, Hasil & Klasemen",2
2025-10-06,"Jadwal, Hasil & Klasemen",2
2025-10-09,"Jadwal, Hasil & Klasemen",2
2025-10-13,"Jadwal, Hasil & Klasemen",2
2025-10-14,"Jadwal, Hasil & Klasemen",2
2025-10-16,"Jadwal, Hasil & Klasemen",2
2025-10-20,"Jadwal, Hasil & Klasemen",4
2025-10-21,"Jadwal, Hasil & Klasemen",6
2025-10-25,"Jadwal, Hasil & Klasemen",4
2025-10-27,"Jadwal, Hasil & Klasemen",2
2025-10-28,"Jadwal, Hasil & Klasemen",2
2025-10-29,"Jadwal, Hasil & Klasemen",3
2025-10-31,"Jadwal, Hasil & Klasemen",6
2025-11-01,"Jadwal, Hasil & Klasemen",2
2025-11-02,"Jadwal, Hasil & Klasemen",6
2025-11-03,"Jadwal, Hasil & Klasemen",4
2025-11-04,"Jadwal, Hasil & Klasemen",6
2025-11-05,"Jadwal, Hasil & Klasemen",6
2025-11-06,"Jadwal, Hasil & Klasemen",4
2025-11-07,"Jadwal, Hasil & Klasemen",2
2025-11-08,"Jadwal, Hasil & Klasemen",4
2025-11-09,"Jadwal, Hasil & Klasemen",4
2025-11-10,"Jadwal, Hasil & Klasemen",2
2025-11-11,"Jadwal, Hasil & Klasemen",8
2025-11-12,"Jadwal, Hasil & Klasemen",2
2025-11-13,"Jadwal, Hasil & Klasemen",4
2025-11-14,"Jadwal, Hasil & Klasemen",2
2025-11-15,"Jadwal, Hasil & Klasemen",3
2025-11-16,"Jadwal, Hasil & Klasemen",2
2025-11-17,"Jadwal, Hasil & Klasemen",2
2025-11-18,"Jadwal, Hasil & Klasemen",4
2025-11-19,"Jadwal, Hasil & Klasemen",4
2025-11-21,"Jadwal, Hasil & Klasemen",4
2025-11-22,"Jadwal, Hasil & Klasemen",2
2025-11-23,"Jadwal, Hasil & Klasemen",8
2025-11-24,"Jadwal, Hasil & Klasemen",6
2025-11-25,"Jadwal, Hasil & Klasemen",2
2025-11-27,"Jadwal, Hasil & Klasemen",1
2025-11-29,"Jadwal, Hasil & Klasemen",8
2025-12-01,"Jadwal, Hasil & Klasemen",3
2025-12-02,"Jadwal, Hasil & Klasemen",0
2025-12-05,"Jadwal, Hasil & Klasemen",0
2025-12-07,"Jadwal, Hasil & Klasemen",1
2025-12-10,"Jadwal, Hasil & Klasemen",0
2025-12-11,"Jadwal, Hasil & Klasemen",7
2025-12-12,"Jadwal, Hasil & Klasemen",21
2025-12-15,"Jadwal, Hasil & Klasemen",1
2025-12-16,"Jadwal, Hasil & Klasemen",1
2025-12-17,"Jadwal, Hasil & Klasemen",1
2025-12-18,"Jadwal, Hasil & Klasemen",6
2025-12-19,"Jadwal, Hasil & Klasemen",3
2025-12-20,"Jadwal, Hasil & Klasemen",2
2025-12-22,"Jadwal, Hasil & Klasemen",2
2025-12-25,"Jadwal, Hasil & Klasemen",2
2025-12-31,"Jadwal, Hasil & Klasemen",1
2026-01-02,"Jadwal, Hasil & Klasemen",2
2026-01-08,"Jadwal, Hasil & Klasemen",2
2026-01-09,"Jadwal, Hasil & Klasemen",2
2026-01-10,"Jadwal, Hasil & Klasemen",2
2026-01-11,"Jadwal, Hasil & Klasemen",4
2026-01-12,"Jadwal, Hasil & Klasemen",3
2026-01-13,"Jadwal, Hasil & Klasemen",3
2026-01-14,"Jadwal, Hasil & Klasemen",8
2026-01-15,"Jadwal, Hasil & Klasemen",2
2026-01-16,"Jadwal, Hasil & Klasemen",10
2026-01-17,"Jadwal, Hasil & Klasemen",6
2026-01-18,"Jadwal, Hasil & Klasemen",6
2026-01-19,"Jadwal, Hasil & Klasemen",12
2026-01-20,"Jadwal, Hasil & Klasemen",9
2026-01-21,"Jadwal, Hasil & Klasemen",6
2026-01-22,"Jadwal, Hasil & Klasemen",7
2026-01-23,"Jadwal, Hasil & Klasemen",7
2026-01-24,"Jadwal, Hasil & Klasemen",14
2026-01-25,"Jadwal, Hasil & Klasemen",7
2026-01-26,"Jadwal, Hasil & Klasemen",4
2026-01-27,"Jadwal, Hasil & Klasemen",16
2026-01-28,"Jadwal, Hasil & Klasemen",17
2026-01-29,"Jadwal, Hasil & Klasemen",25
2026-01-30,"Jadwal, Hasil & Klasemen",29
2026-01-31,"Jadwal, Hasil & Klasemen",30
2026-02-01,"Jadwal, Hasil & Klasemen",11
2026-02-02,"Jadwal, Hasil & Klasemen",6
2026-02-03,"Jadwal, Hasil & Klasemen",8
2026-02-04,"Jadwal, Hasil & Klasemen",6
2026-02-05,"Jadwal, Hasil & Klasemen",14
2026-02-06,"Jadwal, Hasil & Klasemen",6
2026-02-07,"Jadwal, Hasil & Klasemen",2
2026-02-08,"Jadwal, Hasil & Klasemen",3
2026-02-09,"Jadwal, Hasil & Klasemen",2
2026-02-10,"Jadwal, Hasil & Klasemen",1
2026-02-11,"Jadwal, Hasil & Klasemen",2
2026-02-12,"Jadwal, Hasil & Klasemen",8
2026-02-13,"Jadwal, Hasil & Klasemen",1
2026-02-14,"Jadwal, Hasil & Klasemen",2
2026-02-15,"Jadwal, Hasil & Klasemen",4
2026-02-16,"Jadwal, Hasil & Klasemen",3
2026-02-17,"Jadwal, Hasil & Klasemen",1
2026-02-18,"Jadwal, Hasil & Klasemen",8
2026-02-20,"Jadwal, Hasil & Klasemen",6
2026-02-21,"Jadwal, Hasil & Klasemen",15
2026-02-22,"Jadwal, Hasil & Klasemen",1
2026-02-23,"Jadwal, Hasil & Klasemen",4
2026-02-25,"Jadwal, Hasil & Klasemen",10
2026-02-27,"Jadwal, Hasil & Klasemen",2
2026-03-01,"Jadwal, Hasil & Klasemen",4
2026-03-03,"Jadwal, Hasil & Klasemen",6
2026-03-04,"Jadwal, Hasil & Klasemen",4
2026-03-05,"Jadwal, Hasil & Klasemen",4
2026-03-07,"Jadwal, Hasil & Klasemen",4
2026-03-08,"Jadwal, Hasil & Klasemen",4
2026-03-09,"Jadwal, Hasil & Klasemen",3
2026-03-10,"Jadwal, Hasil & Klasemen",2
2026-03-12,"Jadwal, Hasil & Klasemen",2
2026-03-13,"Jadwal, Hasil & Klasemen",3
2026-03-15,"Jadwal, Hasil & Klasemen",4
2026-03-16,"Jadwal, Hasil & Klasemen",4
2026-03-17,"Jadwal, Hasil & Klasemen",3
2026-03-18,"Jadwal, Hasil & Klasemen",4
2026-03-19,"Jadwal, Hasil & Klasemen",1
2026-03-21,"Jadwal, Hasil & Klasemen",2
2026-03-28,"Jadwal, Hasil & Klasemen",2
2026-03-30,"Jadwal, Hasil & Klasemen",4
2026-04-01,"Jadwal, Hasil & Klasemen",3
2026-04-04,"Jadwal, Hasil & Klasemen",5
2026-04-05,"Jadwal, Hasil & Klasemen",6
2026-04-08,"Jadwal, Hasil & Klasemen",3
2026-04-09,"Jadwal, Hasil & Klasemen",2
2026-04-11,"Jadwal, Hasil & Klasemen",4
2026-04-12,"Jadwal, Hasil & Klasemen",2
2026-04-13,"Jadwal, Hasil & Klasemen",4
2026-04-14,"Jadwal, Hasil & Klasemen",7
2026-04-15,"Jadwal, Hasil & Klasemen",6
2026-04-16,"Jadwal, Hasil & Klasemen",2
2026-04-17,"Jadwal, Hasil & Klasemen",6
2026-04-18,"Jadwal, Hasil & Klasemen",6
2026-04-19,"Jadwal, Hasil & Klasemen",2
2026-04-20,"Jadwal, Hasil & Klasemen",6
2026-04-21,"Jadwal, Hasil & Klasemen",2
2026-04-22,"Jadwal, Hasil & Klasemen",2
2026-04-23,"Jadwal, Hasil & Klasemen",4
2026-04-24,"Jadwal, Hasil & Klasemen",4
2026-04-26,"Jadwal, Hasil & Klasemen",2
2026-04-28,"Jadwal, Hasil & Klasemen",4
2026-04-30,"Jadwal, Hasil & Klasemen",2
2025-05-18,Kompetisi,2
2025-06-03,Kompetisi,14
2025-06-04,Kompetisi,92
2025-06-05,Kompetisi,88
2025-06-06,Kompetisi,91
2025-06-07,Kompetisi,63
2025-06-08,Kompetisi,20
2025-06-09,Kompetisi,2
2025-06-10,Kompetisi,4
2025-06-14,Kompetisi,11
2025-06-16,Kompetisi,4
2025-06-17,Kompetisi,6
2025-06-24,Kompetisi,2
2025-06-25,Kompetisi,2
2025-06-27,Kompetisi,3
2025-07-05,Kompetisi,2
2025-07-06,Kompetisi,2
2025-07-10,Kompetisi,2
2025-07-12,Kompetisi,2
2025-07-14,Kompetisi,2
2025-08-29,Kompetisi,2
2025-10-05,Kompetisi,2
2025-11-13,Kompetisi,2
2025-12-15,Kompetisi,2
2025-12-17,Kompetisi,2
2025-12-20,Kompetisi,1
2025-12-28,Kompetisi,1
2026-01-05,Kompetisi,0
2026-01-13,Kompetisi,2
2026-01-26,Kompetisi,1
2026-01-29,Kompetisi,3
2026-01-30,Kompetisi,7
2026-01-31,Kompetisi,1
2026-02-01,Kompetisi,1
2026-02-10,Kompetisi,1
2026-02-16,Kompetisi,1
2026-02-21,Kompetisi,1
2026-03-02,Kompetisi,13
2026-03-20,Kompetisi,2
2026-03-26,Kompetisi,2
2026-04-01,Kompetisi,2
2026-04-21,Kompetisi,2
2025-05-08,Lainnya,2
2025-06-13,Lainnya,2
2025-07-22,Lainnya,2
2025-07-25,Lainnya,2
2025-07-26,Lainnya,2
2025-07-30,Lainnya,2
2025-08-08,Lainnya,2
2025-08-20,Lainnya,2
2025-08-22,Lainnya,2
2025-08-25,Lainnya,2
2025-09-01,Lainnya,2
2025-09-13,Lainnya,2
2025-09-25,Lainnya,2
2025-10-03,Lainnya,2
2025-10-18,Lainnya,2
2025-10-30,Lainnya,2
2025-11-09,Lainnya,4
2025-11-10,Lainnya,2
2025-11-14,Lainnya,2
2025-11-25,Lainnya,0
2025-11-26,Lainnya,4
2025-11-27,Lainnya,1
2025-12-01,Lainnya,2
2025-12-02,Lainnya,0
2025-12-03,Lainnya,4
2025-12-08,Lainnya,1
2025-12-11,Lainnya,2
2025-12-12,Lainnya,4
2025-12-16,Lainnya,0
2025-12-24,Lainnya,2
2025-12-26,Lainnya,2
2025-12-29,Lainnya,2
2026-01-01,Lainnya,2
2026-01-06,Lainnya,2
2026-01-07,Lainnya,4
2026-01-19,Lainnya,2
2026-01-22,Lainnya,2
2026-01-27,Lainnya,1
2026-01-29,Lainnya,2
2026-01-30,Lainnya,7
2026-01-31,Lainnya,3
2026-02-01,Lainnya,2
2026-02-07,Lainnya,2
2026-02-08,Lainnya,2
2026-02-12,Lainnya,2
2026-02-13,Lainnya,2
2026-02-15,Lainnya,2
2026-02-16,Lainnya,1
2026-02-17,Lainnya,2
2026-02-20,Lainnya,1
2026-02-21,Lainnya,3
2026-02-27,Lainnya,2
2026-03-05,Lainnya,2
2026-03-09,Lainnya,2
2026-03-12,Lainnya,2
2026-03-17,Lainnya,2
2026-03-26,Lainnya,2
2026-03-27,Lainnya,4
2026-04-03,Lainnya,1
2026-04-05,Lainnya,8
2026-04-06,Lainnya,1
2026-04-08,Lainnya,2
2026-04-12,Lainnya,2
2026-04-13,Lainnya,10
2026-04-14,Lainnya,13
2026-04-18,Lainnya,1
2025-04-30,Luar Lapangan,2
2025-05-02,Luar Lapangan,2
2025-05-12,Luar Lapangan,4
2025-05-15,Luar Lapangan,4
2025-05-28,Luar Lapangan,2
2025-06-02,Luar Lapangan,2
2025-06-05,Luar Lapangan,2
2025-06-11,Luar Lapangan,2
2025-07-10,Luar Lapangan,2
2025-07-14,Luar Lapangan,3
2025-07-17,Luar Lapangan,4
2025-07-23,Luar Lapangan,2
2025-07-31,Luar Lapangan,2
2025-08-01,Luar Lapangan,4
2025-08-04,Luar Lapangan,2
2025-08-16,Luar Lapangan,12
2025-08-25,Luar Lapangan,2
2025-09-11,Luar Lapangan,2
2025-10-19,Luar Lapangan,2
2025-11-02,Luar Lapangan,2
2025-11-03,Luar Lapangan,2
2025-11-05,Luar Lapangan,2
2025-11-10,Luar Lapangan,2
2025-11-17,Luar Lapangan,2
2025-11-24,Luar Lapangan,2
2025-11-27,Luar Lapangan,2
2025-12-08,Luar Lapangan,2
2025-12-10,Luar Lapangan,4
2025-12-24,Luar Lapangan,2
2025-12-25,Luar Lapangan,0
2025-12-29,Luar Lapangan,2
2026-01-02,Luar Lapangan,1
2026-01-03,Luar Lapangan,2
2026-01-08,Luar Lapangan,2
2026-01-11,Luar Lapangan,2
2026-01-22,Luar Lapangan,2
2026-01-24,Luar Lapangan,1
2026-01-27,Luar Lapangan,2
2026-01-28,Luar Lapangan,6
2026-01-29,Luar Lapangan,2
2026-01-30,Luar Lapangan,13
2026-01-31,Luar Lapangan,5
2026-02-01,Luar Lapangan,4
2026-02-02,Luar Lapangan,2
2026-02-03,Luar Lapangan,2
2026-02-05,Luar Lapangan,1
2026-02-06,Luar Lapangan,2
2026-02-08,Luar Lapangan,2
2026-02-09,Luar Lapangan,2
2026-02-13,Luar Lapangan,1
2026-02-16,Luar Lapangan,1
2026-02-17,Luar Lapangan,1
2026-02-18,Luar Lapangan,2
2026-02-20,Luar Lapangan,2
2026-02-21,Luar Lapangan,6
2026-03-10,Luar Lapangan,2
2026-04-03,Luar Lapangan,2
2026-04-28,Luar Lapangan,2
2025-04-30,Nasional,3
2025-05-01,Nasional,2
2025-05-02,Nasional,8
2025-05-03,Nasional,10
2025-05-07,Nasional,9
2025-05-08,Nasional,7
2025-05-11,Nasional,4
2025-05-12,Nasional,4
2025-05-13,Nasional,2
2025-05-14,Nasional,2
2025-05-15,Nasional,4
2025-05-16,Nasional,3
2025-05-17,Nasional,5
2025-05-18,Nasional,6
2025-05-19,Nasional,2
2025-05-20,Nasional,2
2025-05-22,Nasional,2
2025-05-23,Nasional,2
2025-05-24,Nasional,4
2025-05-25,Nasional,4
2025-05-26,Nasional,2
2025-05-27,Nasional,2
2025-06-02,Nasional,2
2025-06-03,Nasional,4
2025-06-05,Nasional,2
2025-06-07,Nasional,4
2025-06-08,Nasional,6
2025-06-09,Nasional,10
2025-06-10,Nasional,4
2025-06-11,Nasional,4
2025-06-12,Nasional,2
2025-06-13,Nasional,2
2025-06-16,Nasional,2
2025-06-17,Nasional,10
2025-06-18,Nasional,4
2025-06-19,Nasional,2
2025-06-20,Nasional,3
2025-06-22,Nasional,2
2025-06-24,Nasional,2
2025-06-26,Nasional,6
2025-06-27,Nasional,12
2025-06-28,Nasional,127
2025-06-29,Nasional,35
2025-06-30,Nasional,18
2025-07-01,Nasional,49
2025-07-02,Nasional,18
2025-07-03,Nasional,6
2025-07-04,Nasional,0
2025-07-05,Nasional,4
2025-07-06,Nasional,22
2025-07-07,Nasional,2
2025-07-08,Nasional,4
2025-07-10,Nasional,2
2025-07-11,Nasional,2
2025-07-12,Nasional,2
2025-07-13,Nasional,2
2025-07-14,Nasional,356
2025-07-15,Nasional,3361
2025-07-16,Nasional,15259
2025-07-17,Nasional,12804
2025-07-18,Nasional,2808
2025-07-19,Nasional,724
2025-07-20,Nasional,404
2025-07-21,Nasional,461
2025-07-22,Nasional,218
2025-07-23,Nasional,76
2025-07-24,Nasional,40
2025-07-25,Nasional,44
2025-07-26,Nasional,45
2025-07-27,Nasional,11
2025-07-28,Nasional,25
2025-07-29,Nasional,73
2025-07-30,Nasional,578
2025-07-31,Nasional,1869
2025-08-01,Nasional,2767
2025-08-02,Nasional,269
2025-08-03,Nasional,73
2025-08-04,Nasional,45
2025-08-05,Nasional,30
2025-08-06,Nasional,41
2025-08-07,Nasional,18
2025-08-08,Nasional,63
2025-08-09,Nasional,36
2025-08-10,Nasional,22
2025-08-11,Nasional,30
2025-08-12,Nasional,25
2025-08-13,Nasional,19
2025-08-14,Nasional,46
2025-08-15,Nasional,46
2025-08-16,Nasional,62
2025-08-17,Nasional,14
2025-08-18,Nasional,14
2025-08-19,Nasional,35
2025-08-20,Nasional,22
2025-08-21,Nasional,10
2025-08-22,Nasional,33
2025-08-23,Nasional,13
2025-08-24,Nasional,30
2025-08-25,Nasional,76
2025-08-26,Nasional,2448
2025-08-27,Nasional,2375
2025-08-28,Nasional,261
2025-08-29,Nasional,59
2025-08-30,Nasional,27
2025-08-31,Nasional,9
2025-09-01,Nasional,356
2025-09-02,Nasional,564
2025-09-03,Nasional,187
2025-09-04,Nasional,25
2025-09-05,Nasional,20
2025-09-06,Nasional,22
2025-09-07,Nasional,199
2025-09-08,Nasional,154
2025-09-09,Nasional,334
2025-09-10,Nasional,143
2025-09-11,Nasional,29
2025-09-12,Nasional,95
2025-09-13,Nasional,29
2025-09-14,Nasional,4
2025-09-15,Nasional,6
2025-09-16,Nasional,4
2025-09-17,Nasional,18
2025-09-18,Nasional,12
2025-09-19,Nasional,14
2025-09-20,Nasional,14
2025-09-21,Nasional,10
2025-09-22,Nasional,20
2025-09-23,Nasional,20
2025-09-24,Nasional,16
2025-09-25,Nasional,22
2025-09-26,Nasional,6
2025-09-27,Nasional,17
2025-09-28,Nasional,10
2025-09-29,Nasional,6
2025-09-30,Nasional,8
2025-10-01,Nasional,10
2025-10-02,Nasional,146
2025-10-03,Nasional,56
2025-10-04,Nasional,2
2025-10-05,Nasional,14
2025-10-06,Nasional,9
2025-10-07,Nasional,12
2025-10-08,Nasional,12
2025-10-09,Nasional,11
2025-10-10,Nasional,8
2025-10-11,Nasional,24
2025-10-12,Nasional,17
2025-10-13,Nasional,16
2025-10-14,Nasional,26
2025-10-15,Nasional,12
2025-10-16,Nasional,11
2025-10-17,Nasional,4
2025-10-18,Nasional,4
2025-10-19,Nasional,13
2025-10-20,Nasional,8
2025-10-21,Nasional,8
2025-10-22,Nasional,4
2025-10-23,Nasional,12
2025-10-24,Nasional,12
2025-10-25,Nasional,12
2025-10-26,Nasional,6
2025-10-27,Nasional,41
2025-10-28,Nasional,29
2025-10-29,Nasional,16
2025-10-30,Nasional,4
2025-10-31,Nasional,8
2025-11-01,Nasional,25
2025-11-02,Nasional,15
2025-11-03,Nasional,8
2025-11-04,Nasional,6
2025-11-05,Nasional,8
2025-11-06,Nasional,6
2025-11-07,Nasional,20
2025-11-08,Nasional,42
2025-11-09,Nasional,35
2025-11-10,Nasional,38
2025-11-11,Nasional,88
2025-11-12,Nasional,110
2025-11-13,Nasional,88
2025-11-14,Nasional,23
2025-11-15,Nasional,12
2025-11-16,Nasional,14
2025-11-17,Nasional,18
2025-11-18,Nasional,20
2025-11-19,Nasional,18
2025-11-20,Nasional,6
2025-11-21,Nasional,18
2025-11-22,Nasional,41
2025-11-23,Nasional,39
2025-11-24,Nasional,23
2025-11-25,Nasional,23
2025-11-26,Nasional,23
2025-11-27,Nasional,9
2025-11-28,Nasional,230
2025-11-29,Nasional,75
2025-11-30,Nasional,27
2025-12-01,Nasional,23
2025-12-02,Nasional,19
2025-12-03,Nasional,14
2025-12-04,Nasional,16
2025-12-05,Nasional,13
2025-12-06,Nasional,10
2025-12-07,Nasional,10
2025-12-08,Nasional,8
2025-12-09,Nasional,10
2025-12-10,Nasional,8
2025-12-11,Nasional,67
2025-12-12,Nasional,32
2025-12-13,Nasional,11
2025-12-14,Nasional,8
2025-12-15,Nasional,3
2025-12-16,Nasional,14
2025-12-17,Nasional,11
2025-12-18,Nasional,4
2025-12-19,Nasional,9
2025-12-20,Nasional,28
2025-12-21,Nasional,14
2025-12-22,Nasional,26
2025-12-23,Nasional,26
2025-12-24,Nasional,16
2025-12-25,Nasional,24
2025-12-26,Nasional,22
2025-12-27,Nasional,12
2025-12-28,Nasional,16
2025-12-29,Nasional,26
2025-12-30,Nasional,10
2025-12-31,Nasional,10
2026-01-01,Nasional,11
2026-01-02,Nasional,21
2026-01-03,Nasional,11
2026-01-04,Nasional,28
2026-01-05,Nasional,14
2026-01-06,Nasional,22
2026-01-07,Nasional,14
2026-01-08,Nasional,22
2026-01-09,Nasional,13
2026-01-10,Nasional,13
2026-01-11,Nasional,10
2026-01-12,Nasional,46
2026-01-13,Nasional,36
2026-01-14,Nasional,33
2026-01-15,Nasional,15
2026-01-16,Nasional,37
2026-01-17,Nasional,28
2026-01-18,Nasional,28
2026-01-19,Nasional,36
2026-01-20,Nasional,24
2026-01-21,Nasional,28
2026-01-22,Nasional,22
2026-01-23,Nasional,22
2026-01-24,Nasional,57
2026-01-25,Nasional,18
2026-01-26,Nasional,26
2026-01-27,Nasional,47
2026-01-28,Nasional,49
2026-01-29,Nasional,58
2026-01-30,Nasional,151
2026-01-31,Nasional,95
2026-02-01,Nasional,28
2026-02-02,Nasional,56
2026-02-03,Nasional,12
2026-02-04,Nasional,33
2026-02-05,Nasional,41
2026-02-06,Nasional,15
2026-02-07,Nasional,28
2026-02-08,Nasional,30
2026-02-09,Nasional,37
2026-02-10,Nasional,31
2026-02-11,Nasional,28
2026-02-12,Nasional,23
2026-02-13,Nasional,46
2026-02-14,Nasional,185
2026-02-15,Nasional,83
2026-02-16,Nasional,51
2026-02-17,Nasional,28
2026-02-18,Nasional,38
2026-02-19,Nasional,45
2026-02-20,Nasional,45
2026-02-21,Nasional,56
2026-02-22,Nasional,30
2026-02-23,Nasional,10
2026-02-24,Nasional,20
2026-02-25,Nasional,8
2026-02-26,Nasional,27
2026-02-27,Nasional,16
2026-02-28,Nasional,16
2026-03-01,Nasional,13
2026-03-02,Nasional,9
2026-03-03,Nasional,19
2026-03-04,Nasional,6
2026-03-05,Nasional,25
2026-03-06,Nasional,41
2026-03-07,Nasional,39
2026-03-08,Nasional,6
2026-03-09,Nasional,55
2026-03-10,Nasional,20
2026-03-11,Nasional,16
2026-03-12,Nasional,15
2026-03-13,Nasional,19
2026-03-14,Nasional,27
2026-03-15,Nasional,51
2026-03-16,Nasional,43
2026-03-17,Nasional,45
2026-03-18,Nasional,13
2026-03-19,Nasional,44
2026-03-20,Nasional,38
2026-03-21,Nasional,16
2026-03-22,Nasional,9
2026-03-23,Nasional,16
2026-03-24,Nasional,45
2026-03-25,Nasional,24
2026-03-26,Nasional,8
2026-03-27,Nasional,110
2026-03-28,Nasional,41
2026-03-29,Nasional,23
2026-03-30,Nasional,42
2026-03-31,Nasional,34
2026-04-01,Nasional,36
2026-04-02,Nasional,13
2026-04-03,Nasional,32
2026-04-04,Nasional,18
2026-04-05,Nasional,23
2026-04-06,Nasional,26
2026-04-07,Nasional,9
2026-04-08,Nasional,23
2026-04-09,Nasional,13
2026-04-10,Nasional,7
2026-04-11,Nasional,21
2026-04-12,Nasional,11
2026-04-13,Nasional,122
2026-04-14,Nasional,112
2026-04-15,Nasional,10
2026-04-16,Nasional,6
2026-04-17,Nasional,24
2026-04-18,Nasional,30
2026-04-19,Nasional,19
2026-04-20,Nasional,19
2026-04-21,Nasional,25
2026-04-22,Nasional,20
2026-04-23,Nasional,30
2026-04-24,Nasional,30
2026-04-25,Nasional,32
2026-04-26,Nasional,42
2026-04-27,Nasional,35
2026-04-28,Nasional,38
2026-04-29,Nasional,47
2026-04-30,Nasional,27
2025-04-30,Ngalam / Malang Raya,457
2025-05-01,Ngalam / Malang Raya,372
2025-05-02,Ngalam / Malang Raya,327
2025-05-03,Ngalam / Malang Raya,364
2025-05-04,Ngalam / Malang Raya,422
2025-05-05,Ngalam / Malang Raya,397
2025-05-06,Ngalam / Malang Raya,339
2025-05-07,Ngalam / Malang Raya,367
2025-05-08,Ngalam / Malang Raya,381
2025-05-09,Ngalam / Malang Raya,347
2025-05-10,Ngalam / Malang Raya,381
2025-05-11,Ngalam / Malang Raya,358
2025-05-12,Ngalam / Malang Raya,393
2025-05-13,Ngalam / Malang Raya,388
2025-05-14,Ngalam / Malang Raya,361
2025-05-15,Ngalam / Malang Raya,360
2025-05-16,Ngalam / Malang Raya,365
2025-05-17,Ngalam / Malang Raya,383
2025-05-18,Ngalam / Malang Raya,343
2025-05-19,Ngalam / Malang Raya,441
2025-05-20,Ngalam / Malang Raya,422
2025-05-21,Ngalam / Malang Raya,394
2025-05-22,Ngalam / Malang Raya,401
2025-05-23,Ngalam / Malang Raya,388
2025-05-24,Ngalam / Malang Raya,329
2025-05-25,Ngalam / Malang Raya,380
2025-05-26,Ngalam / Malang Raya,410
2025-05-27,Ngalam / Malang Raya,410
2025-05-28,Ngalam / Malang Raya,438
2025-05-29,Ngalam / Malang Raya,401
2025-05-30,Ngalam / Malang Raya,420
2025-05-31,Ngalam / Malang Raya,408
2025-06-01,Ngalam / Malang Raya,366
2025-06-02,Ngalam / Malang Raya,396
2025-06-03,Ngalam / Malang Raya,428
2025-06-04,Ngalam / Malang Raya,386
2025-06-05,Ngalam / Malang Raya,302
2025-06-06,Ngalam / Malang Raya,287
2025-06-07,Ngalam / Malang Raya,437
2025-06-08,Ngalam / Malang Raya,334
2025-06-09,Ngalam / Malang Raya,379
2025-06-10,Ngalam / Malang Raya,424
2025-06-11,Ngalam / Malang Raya,383
2025-06-12,Ngalam / Malang Raya,443
2025-06-13,Ngalam / Malang Raya,346
2025-06-14,Ngalam / Malang Raya,351
2025-06-15,Ngalam / Malang Raya,334
2025-06-16,Ngalam / Malang Raya,356
2025-06-17,Ngalam / Malang Raya,344
2025-06-18,Ngalam / Malang Raya,358
2025-06-19,Ngalam / Malang Raya,345
2025-06-20,Ngalam / Malang Raya,355
2025-06-21,Ngalam / Malang Raya,324
2025-06-22,Ngalam / Malang Raya,321
2025-06-23,Ngalam / Malang Raya,311
2025-06-24,Ngalam / Malang Raya,374
2025-06-25,Ngalam / Malang Raya,444
2025-06-26,Ngalam / Malang Raya,494
2025-06-27,Ngalam / Malang Raya,425
2025-06-28,Ngalam / Malang Raya,417
2025-06-29,Ngalam / Malang Raya,375
2025-06-30,Ngalam / Malang Raya,403
2025-07-01,Ngalam / Malang Raya,373
2025-07-02,Ngalam / Malang Raya,361
2025-07-03,Ngalam / Malang Raya,378
2025-07-04,Ngalam / Malang Raya,344
2025-07-05,Ngalam / Malang Raya,334
2025-07-06,Ngalam / Malang Raya,346
2025-07-07,Ngalam / Malang Raya,358
2025-07-08,Ngalam / Malang Raya,347
2025-07-09,Ngalam / Malang Raya,372
2025-07-10,Ngalam / Malang Raya,364
2025-07-11,Ngalam / Malang Raya,379
2025-07-12,Ngalam / Malang Raya,380
2025-07-13,Ngalam / Malang Raya,472
2025-07-14,Ngalam / Malang Raya,393
2025-07-15,Ngalam / Malang Raya,358
2025-07-16,Ngalam / Malang Raya,342
2025-07-17,Ngalam / Malang Raya,375
2025-07-18,Ngalam / Malang Raya,330
2025-07-19,Ngalam / Malang Raya,338
2025-07-20,Ngalam / Malang Raya,367
2025-07-21,Ngalam / Malang Raya,335
2025-07-22,Ngalam / Malang Raya,339
2025-07-23,Ngalam / Malang Raya,403
2025-07-24,Ngalam / Malang Raya,368
2025-07-25,Ngalam / Malang Raya,327
2025-07-26,Ngalam / Malang Raya,312
2025-07-27,Ngalam / Malang Raya,322
2025-07-28,Ngalam / Malang Raya,364
2025-07-29,Ngalam / Malang Raya,351
2025-07-30,Ngalam / Malang Raya,301
2025-07-31,Ngalam / Malang Raya,347
2025-08-01,Ngalam / Malang Raya,308
2025-08-02,Ngalam / Malang Raya,292
2025-08-03,Ngalam / Malang Raya,290
2025-08-04,Ngalam / Malang Raya,357
2025-08-05,Ngalam / Malang Raya,388
2025-08-06,Ngalam / Malang Raya,358
2025-08-07,Ngalam / Malang Raya,337
2025-08-08,Ngalam / Malang Raya,305
2025-08-09,Ngalam / Malang Raya,341
2025-08-10,Ngalam / Malang Raya,351
2025-08-11,Ngalam / Malang Raya,304
2025-08-12,Ngalam / Malang Raya,321
2025-08-13,Ngalam / Malang Raya,333
2025-08-14,Ngalam / Malang Raya,314
2025-08-15,Ngalam / Malang Raya,242
2025-08-16,Ngalam / Malang Raya,238
2025-08-17,Ngalam / Malang Raya,209
2025-08-18,Ngalam / Malang Raya,247
2025-08-19,Ngalam / Malang Raya,322
2025-08-20,Ngalam / Malang Raya,272
2025-08-21,Ngalam / Malang Raya,340
2025-08-22,Ngalam / Malang Raya,256
2025-08-23,Ngalam / Malang Raya,231
2025-08-24,Ngalam / Malang Raya,234
2025-08-25,Ngalam / Malang Raya,276
2025-08-26,Ngalam / Malang Raya,312
2025-08-27,Ngalam / Malang Raya,329
2025-08-28,Ngalam / Malang Raya,256
2025-08-29,Ngalam / Malang Raya,268
2025-08-30,Ngalam / Malang Raya,240
2025-08-31,Ngalam / Malang Raya,210
2025-09-01,Ngalam / Malang Raya,260
2025-09-02,Ngalam / Malang Raya,335
2025-09-03,Ngalam / Malang Raya,276
2025-09-04,Ngalam / Malang Raya,268
2025-09-05,Ngalam / Malang Raya,270
2025-09-06,Ngalam / Malang Raya,253
2025-09-07,Ngalam / Malang Raya,276
2025-09-08,Ngalam / Malang Raya,273
2025-09-09,Ngalam / Malang Raya,201
2025-09-10,Ngalam / Malang Raya,212
2025-09-11,Ngalam / Malang Raya,245
2025-09-12,Ngalam / Malang Raya,190
2025-09-13,Ngalam / Malang Raya,244
2025-09-14,Ngalam / Malang Raya,219
2025-09-15,Ngalam / Malang Raya,266
2025-09-16,Ngalam / Malang Raya,274
2025-09-17,Ngalam / Malang Raya,237
2025-09-18,Ngalam / Malang Raya,275
2025-09-19,Ngalam / Malang Raya,278
2025-09-20,Ngalam / Malang Raya,244
2025-09-21,Ngalam / Malang Raya,222
2025-09-22,Ngalam / Malang Raya,236
2025-09-23,Ngalam / Malang Raya,320
2025-09-24,Ngalam / Malang Raya,283
2025-09-25,Ngalam / Malang Raya,232
2025-09-26,Ngalam / Malang Raya,226
2025-09-27,Ngalam / Malang Raya,200
2025-09-28,Ngalam / Malang Raya,218
2025-09-29,Ngalam / Malang Raya,340
2025-09-30,Ngalam / Malang Raya,262
2025-10-01,Ngalam / Malang Raya,225
2025-10-02,Ngalam / Malang Raya,210
2025-10-03,Ngalam / Malang Raya,241
2025-10-04,Ngalam / Malang Raya,194
2025-10-05,Ngalam / Malang Raya,223
2025-10-06,Ngalam / Malang Raya,236
2025-10-07,Ngalam / Malang Raya,259
2025-10-08,Ngalam / Malang Raya,247
2025-10-09,Ngalam / Malang Raya,231
2025-10-10,Ngalam / Malang Raya,236
2025-10-11,Ngalam / Malang Raya,228
2025-10-12,Ngalam / Malang Raya,207
2025-10-13,Ngalam / Malang Raya,278
2025-10-14,Ngalam / Malang Raya,241
2025-10-15,Ngalam / Malang Raya,253
2025-10-16,Ngalam / Malang Raya,230
2025-10-17,Ngalam / Malang Raya,267
2025-10-18,Ngalam / Malang Raya,170
2025-10-19,Ngalam / Malang Raya,199
2025-10-20,Ngalam / Malang Raya,233
2025-10-21,Ngalam / Malang Raya,247
2025-10-22,Ngalam / Malang Raya,223
2025-10-23,Ngalam / Malang Raya,230
2025-10-24,Ngalam / Malang Raya,210
2025-10-25,Ngalam / Malang Raya,162
2025-10-26,Ngalam / Malang Raya,172
2025-10-27,Ngalam / Malang Raya,218
2025-10-28,Ngalam / Malang Raya,208
2025-10-29,Ngalam / Malang Raya,283
2025-10-30,Ngalam / Malang Raya,243
2025-10-31,Ngalam / Malang Raya,261
2025-11-01,Ngalam / Malang Raya,209
2025-11-02,Ngalam / Malang Raya,218
2025-11-03,Ngalam / Malang Raya,250
2025-11-04,Ngalam / Malang Raya,257
2025-11-05,Ngalam / Malang Raya,240
2025-11-06,Ngalam / Malang Raya,245
2025-11-07,Ngalam / Malang Raya,209
2025-11-08,Ngalam / Malang Raya,186
2025-11-09,Ngalam / Malang Raya,211
2025-11-10,Ngalam / Malang Raya,243
2025-11-11,Ngalam / Malang Raya,287
2025-11-12,Ngalam / Malang Raya,210
2025-11-13,Ngalam / Malang Raya,264
2025-11-14,Ngalam / Malang Raya,210
2025-11-15,Ngalam / Malang Raya,252
2025-11-16,Ngalam / Malang Raya,223
2025-11-17,Ngalam / Malang Raya,286
2025-11-18,Ngalam / Malang Raya,250
2025-11-19,Ngalam / Malang Raya,223
2025-11-20,Ngalam / Malang Raya,207
2025-11-21,Ngalam / Malang Raya,223
2025-11-22,Ngalam / Malang Raya,212
2025-11-23,Ngalam / Malang Raya,227
2025-11-24,Ngalam / Malang Raya,234
2025-11-25,Ngalam / Malang Raya,201
2025-11-26,Ngalam / Malang Raya,220
2025-11-27,Ngalam / Malang Raya,220
2025-11-28,Ngalam / Malang Raya,201
2025-11-29,Ngalam / Malang Raya,184
2025-11-30,Ngalam / Malang Raya,229
2025-12-01,Ngalam / Malang Raya,212
2025-12-02,Ngalam / Malang Raya,218
2025-12-03,Ngalam / Malang Raya,204
2025-12-04,Ngalam / Malang Raya,239
2025-12-05,Ngalam / Malang Raya,199
2025-12-06,Ngalam / Malang Raya,152
2025-12-07,Ngalam / Malang Raya,168
2025-12-08,Ngalam / Malang Raya,224
2025-12-09,Ngalam / Malang Raya,213
2025-12-10,Ngalam / Malang Raya,199
2025-12-11,Ngalam / Malang Raya,221
2025-12-12,Ngalam / Malang Raya,174
2025-12-13,Ngalam / Malang Raya,210
2025-12-14,Ngalam / Malang Raya,219
2025-12-15,Ngalam / Malang Raya,135
2025-12-16,Ngalam / Malang Raya,182
2025-12-17,Ngalam / Malang Raya,184
2025-12-18,Ngalam / Malang Raya,195
2025-12-19,Ngalam / Malang Raya,150
2025-12-20,Ngalam / Malang Raya,175
2025-12-21,Ngalam / Malang Raya,196
2025-12-22,Ngalam / Malang Raya,166
2025-12-23,Ngalam / Malang Raya,174
2025-12-24,Ngalam / Malang Raya,173
2025-12-25,Ngalam / Malang Raya,198
2025-12-26,Ngalam / Malang Raya,190
2025-12-27,Ngalam / Malang Raya,191
2025-12-28,Ngalam / Malang Raya,176
2025-12-29,Ngalam / Malang Raya,205
2025-12-30,Ngalam / Malang Raya,204
2025-12-31,Ngalam / Malang Raya,229
2026-01-01,Ngalam / Malang Raya,329
2026-01-02,Ngalam / Malang Raya,245
2026-01-03,Ngalam / Malang Raya,180
2026-01-04,Ngalam / Malang Raya,198
2026-01-05,Ngalam / Malang Raya,200
2026-01-06,Ngalam / Malang Raya,243
2026-01-07,Ngalam / Malang Raya,172
2026-01-08,Ngalam / Malang Raya,244
2026-01-09,Ngalam / Malang Raya,218
2026-01-10,Ngalam / Malang Raya,202
2026-01-11,Ngalam / Malang Raya,178
2026-01-12,Ngalam / Malang Raya,237
2026-01-13,Ngalam / Malang Raya,173
2026-01-14,Ngalam / Malang Raya,203
2026-01-15,Ngalam / Malang Raya,208
2026-01-16,Ngalam / Malang Raya,203
2026-01-17,Ngalam / Malang Raya,196
2026-01-18,Ngalam / Malang Raya,194
2026-01-19,Ngalam / Malang Raya,260
2026-01-20,Ngalam / Malang Raya,244
2026-01-21,Ngalam / Malang Raya,231
2026-01-22,Ngalam / Malang Raya,232
2026-01-23,Ngalam / Malang Raya,225
2026-01-24,Ngalam / Malang Raya,221
2026-01-25,Ngalam / Malang Raya,223
2026-01-26,Ngalam / Malang Raya,251
2026-01-27,Ngalam / Malang Raya,335
2026-01-28,Ngalam / Malang Raya,530
2026-01-29,Ngalam / Malang Raya,553
2026-01-30,Ngalam / Malang Raya,840
2026-01-31,Ngalam / Malang Raya,577
2026-02-01,Ngalam / Malang Raya,375
2026-02-02,Ngalam / Malang Raya,503
2026-02-03,Ngalam / Malang Raya,377
2026-02-04,Ngalam / Malang Raya,497
2026-02-05,Ngalam / Malang Raya,522
2026-02-06,Ngalam / Malang Raya,413
2026-02-07,Ngalam / Malang Raya,337
2026-02-08,Ngalam / Malang Raya,293
2026-02-09,Ngalam / Malang Raya,368
2026-02-10,Ngalam / Malang Raya,385
2026-02-11,Ngalam / Malang Raya,350
2026-02-12,Ngalam / Malang Raya,276
2026-02-13,Ngalam / Malang Raya,259
2026-02-14,Ngalam / Malang Raya,220
2026-02-15,Ngalam / Malang Raya,228
2026-02-16,Ngalam / Malang Raya,432
2026-02-17,Ngalam / Malang Raya,343
2026-02-18,Ngalam / Malang Raya,252
2026-02-19,Ngalam / Malang Raya,268
2026-02-20,Ngalam / Malang Raya,353
2026-02-21,Ngalam / Malang Raya,340
2026-02-22,Ngalam / Malang Raya,263
2026-02-23,Ngalam / Malang Raya,184
2026-02-24,Ngalam / Malang Raya,210
2026-02-25,Ngalam / Malang Raya,168
2026-02-26,Ngalam / Malang Raya,176
2026-02-27,Ngalam / Malang Raya,195
2026-02-28,Ngalam / Malang Raya,149
2026-03-01,Ngalam / Malang Raya,152
2026-03-02,Ngalam / Malang Raya,239
2026-03-03,Ngalam / Malang Raya,198
2026-03-04,Ngalam / Malang Raya,159
2026-03-05,Ngalam / Malang Raya,172
2026-03-06,Ngalam / Malang Raya,140
2026-03-07,Ngalam / Malang Raya,131
2026-03-08,Ngalam / Malang Raya,137
2026-03-09,Ngalam / Malang Raya,154
2026-03-10,Ngalam / Malang Raya,196
2026-03-11,Ngalam / Malang Raya,178
2026-03-12,Ngalam / Malang Raya,207
2026-03-13,Ngalam / Malang Raya,154
2026-03-14,Ngalam / Malang Raya,161
2026-03-15,Ngalam / Malang Raya,167
2026-03-16,Ngalam / Malang Raya,164
2026-03-17,Ngalam / Malang Raya,194
2026-03-18,Ngalam / Malang Raya,165
2026-03-19,Ngalam / Malang Raya,169
2026-03-20,Ngalam / Malang Raya,129
2026-03-21,Ngalam / Malang Raya,146
2026-03-22,Ngalam / Malang Raya,153
2026-03-23,Ngalam / Malang Raya,171
2026-03-24,Ngalam / Malang Raya,172
2026-03-25,Ngalam / Malang Raya,203
2026-03-26,Ngalam / Malang Raya,180
2026-03-27,Ngalam / Malang Raya,180
2026-03-28,Ngalam / Malang Raya,186
2026-03-29,Ngalam / Malang Raya,165
2026-03-30,Ngalam / Malang Raya,205
2026-03-31,Ngalam / Malang Raya,254
2026-04-01,Ngalam / Malang Raya,251
2026-04-02,Ngalam / Malang Raya,235
2026-04-03,Ngalam / Malang Raya,179
2026-04-04,Ngalam / Malang Raya,205
2026-04-05,Ngalam / Malang Raya,201
2026-04-06,Ngalam / Malang Raya,207
2026-04-07,Ngalam / Malang Raya,185
2026-04-08,Ngalam / Malang Raya,176
2026-04-09,Ngalam / Malang Raya,175
2026-04-10,Ngalam / Malang Raya,204
2026-04-11,Ngalam / Malang Raya,140
2026-04-12,Ngalam / Malang Raya,148
2026-04-13,Ngalam / Malang Raya,198
2026-04-14,Ngalam / Malang Raya,199
2026-04-15,Ngalam / Malang Raya,203
2026-04-16,Ngalam / Malang Raya,196
2026-04-17,Ngalam / Malang Raya,188
2026-04-18,Ngalam / Malang Raya,185
2026-04-19,Ngalam / Malang Raya,220
2026-04-20,Ngalam / Malang Raya,246
2026-04-21,Ngalam / Malang Raya,215
2026-04-22,Ngalam / Malang Raya,215
2026-04-23,Ngalam / Malang Raya,215
2026-04-24,Ngalam / Malang Raya,214
2026-04-25,Ngalam / Malang Raya,200
2026-04-26,Ngalam / Malang Raya,235
2026-04-27,Ngalam / Malang Raya,220
2026-04-28,Ngalam / Malang Raya,233
2026-04-29,Ngalam / Malang Raya,253
2026-04-30,Ngalam / Malang Raya,374
2025-05-06,Noise / Teknis,4
2025-05-07,Noise / Teknis,2
2025-05-09,Noise / Teknis,2
2025-05-10,Noise / Teknis,1
2025-05-11,Noise / Teknis,1
2025-05-13,Noise / Teknis,4
2025-05-18,Noise / Teknis,2
2025-05-19,Noise / Teknis,3
2025-05-20,Noise / Teknis,2
2025-05-22,Noise / Teknis,1
2025-05-24,Noise / Teknis,2
2025-05-27,Noise / Teknis,5
2025-06-01,Noise / Teknis,5
2025-06-02,Noise / Teknis,1
2025-06-03,Noise / Teknis,4
2025-06-04,Noise / Teknis,1
2025-06-06,Noise / Teknis,5
2025-06-10,Noise / Teknis,4
2025-06-12,Noise / Teknis,2
2025-06-17,Noise / Teknis,4
2025-06-19,Noise / Teknis,2
2025-06-20,Noise / Teknis,3
2025-06-21,Noise / Teknis,2
2025-06-22,Noise / Teknis,8
2025-06-23,Noise / Teknis,3
2025-06-24,Noise / Teknis,5
2025-06-25,Noise / Teknis,1
2025-06-27,Noise / Teknis,1
2025-07-01,Noise / Teknis,7
2025-07-05,Noise / Teknis,2
2025-07-06,Noise / Teknis,6
2025-07-08,Noise / Teknis,4
2025-07-10,Noise / Teknis,2
2025-07-11,Noise / Teknis,1
2025-07-12,Noise / Teknis,3
2025-07-13,Noise / Teknis,1
2025-07-14,Noise / Teknis,4
2025-07-15,Noise / Teknis,8
2025-07-17,Noise / Teknis,1
2025-07-22,Noise / Teknis,5
2025-07-23,Noise / Teknis,2
2025-07-24,Noise / Teknis,2
2025-07-27,Noise / Teknis,1
2025-07-29,Noise / Teknis,2
2025-07-30,Noise / Teknis,1
2025-08-05,Noise / Teknis,4
2025-08-07,Noise / Teknis,4
2025-08-11,Noise / Teknis,4
2025-08-14,Noise / Teknis,4
2025-08-15,Noise / Teknis,2
2025-08-23,Noise / Teknis,4
2025-08-24,Noise / Teknis,1
2025-08-30,Noise / Teknis,4
2025-09-03,Noise / Teknis,1
2025-09-06,Noise / Teknis,5
2025-09-09,Noise / Teknis,2
2025-09-11,Noise / Teknis,2
2025-09-13,Noise / Teknis,6
2025-09-14,Noise / Teknis,1
2025-09-17,Noise / Teknis,2
2025-09-19,Noise / Teknis,2
2025-09-20,Noise / Teknis,4
2025-09-25,Noise / Teknis,2
2025-09-27,Noise / Teknis,7
2025-09-28,Noise / Teknis,1
2025-10-02,Noise / Teknis,1
2025-10-03,Noise / Teknis,1
2025-10-04,Noise / Teknis,4
2025-10-05,Noise / Teknis,1
2025-10-06,Noise / Teknis,4
2025-10-11,Noise / Teknis,4
2025-10-13,Noise / Teknis,2
2025-10-14,Noise / Teknis,2
2025-10-16,Noise / Teknis,2
2025-10-17,Noise / Teknis,3
2025-10-18,Noise / Teknis,4
2025-10-19,Noise / Teknis,7
2025-10-22,Noise / Teknis,2
2025-10-23,Noise / Teknis,2
2025-10-24,Noise / Teknis,1
2025-10-25,Noise / Teknis,1
2025-10-26,Noise / Teknis,6
2025-10-27,Noise / Teknis,5
2025-10-28,Noise / Teknis,7
2025-10-29,Noise / Teknis,2
2025-10-31,Noise / Teknis,1
2025-11-01,Noise / Teknis,2
2025-11-02,Noise / Teknis,2
2025-11-05,Noise / Teknis,1
2025-11-07,Noise / Teknis,4
2025-11-09,Noise / Teknis,2
2025-11-11,Noise / Teknis,8
2025-11-16,Noise / Teknis,1
2025-11-18,Noise / Teknis,1
2025-11-21,Noise / Teknis,1
2025-11-23,Noise / Teknis,1
2025-11-25,Noise / Teknis,2
2025-11-26,Noise / Teknis,8
2025-11-29,Noise / Teknis,1
2025-11-30,Noise / Teknis,1
2025-12-02,Noise / Teknis,6
2025-12-04,Noise / Teknis,4
2025-12-09,Noise / Teknis,4
2025-12-11,Noise / Teknis,3
2025-12-12,Noise / Teknis,1
2025-12-17,Noise / Teknis,1
2025-12-18,Noise / Teknis,2
2025-12-19,Noise / Teknis,2
2025-12-21,Noise / Teknis,1
2025-12-23,Noise / Teknis,3
2025-12-25,Noise / Teknis,1
2025-12-26,Noise / Teknis,1
2025-12-27,Noise / Teknis,5
2025-12-28,Noise / Teknis,1
2025-12-30,Noise / Teknis,2
2026-01-01,Noise / Teknis,2
2026-01-09,Noise / Teknis,2
2026-01-11,Noise / Teknis,2
2026-01-13,Noise / Teknis,4
2026-01-14,Noise / Teknis,2
2026-01-17,Noise / Teknis,2
2026-01-18,Noise / Teknis,1
2026-01-19,Noise / Teknis,2
2026-01-21,Noise / Teknis,1
2026-01-23,Noise / Teknis,2
2026-01-27,Noise / Teknis,2
2026-01-28,Noise / Teknis,1
2026-01-29,Noise / Teknis,1
2026-01-30,Noise / Teknis,5
2026-01-31,Noise / Teknis,1
2026-02-04,Noise / Teknis,2
2026-02-07,Noise / Teknis,1
2026-02-09,Noise / Teknis,2
2026-02-10,Noise / Teknis,5
2026-02-12,Noise / Teknis,1
2026-02-13,Noise / Teknis,1
2026-02-14,Noise / Teknis,1
2026-02-16,Noise / Teknis,2
2026-02-17,Noise / Teknis,1
2026-02-19,Noise / Teknis,4
2026-02-20,Noise / Teknis,1
2026-02-25,Noise / Teknis,1
2026-02-26,Noise / Teknis,5
2026-03-03,Noise / Teknis,2
2026-03-10,Noise / Teknis,2
2026-03-12,Noise / Teknis,8
2026-03-14,Noise / Teknis,1
2026-03-15,Noise / Teknis,10
2026-03-16,Noise / Teknis,1
2026-03-17,Noise / Teknis,1
2026-03-19,Noise / Teknis,2
2026-03-20,Noise / Teknis,2
2026-03-21,Noise / Teknis,6
2026-03-23,Noise / Teknis,0
2026-03-24,Noise / Teknis,4
2026-03-26,Noise / Teknis,1
2026-03-28,Noise / Teknis,1
2026-03-30,Noise / Teknis,2
2026-04-01,Noise / Teknis,1
2026-04-05,Noise / Teknis,2
2026-04-06,Noise / Teknis,1
2026-04-09,Noise / Teknis,1
2026-04-13,Noise / Teknis,1
2026-04-14,Noise / Teknis,1
2026-04-20,Noise / Teknis,0
2026-04-21,Noise / Teknis,4
2026-04-25,Noise / Teknis,1
2026-04-29,Noise / Teknis,1
2025-05-04,Profil Klub / Kompetisi,11
2025-09-30,Profil Klub / Kompetisi,4
2025-10-04,Profil Klub / Kompetisi,2
2025-10-14,Profil Klub / Kompetisi,2
2025-10-25,Profil Klub / Kompetisi,4
2025-10-27,Profil Klub / Kompetisi,3
2025-10-30,Profil Klub / Kompetisi,3
2025-10-31,Profil Klub / Kompetisi,4
2025-11-01,Profil Klub / Kompetisi,3
2025-11-02,Profil Klub / Kompetisi,5
2025-11-05,Profil Klub / Kompetisi,4
2025-11-06,Profil Klub / Kompetisi,6
2025-11-08,Profil Klub / Kompetisi,4
2025-11-10,Profil Klub / Kompetisi,6
2025-11-11,Profil Klub / Kompetisi,2
2025-11-12,Profil Klub / Kompetisi,4
2025-11-13,Profil Klub / Kompetisi,6
2025-11-14,Profil Klub / Kompetisi,2
2025-11-15,Profil Klub / Kompetisi,0
2025-11-16,Profil Klub / Kompetisi,2
2025-11-17,Profil Klub / Kompetisi,6
2025-11-18,Profil Klub / Kompetisi,4
2025-11-20,Profil Klub / Kompetisi,4
2025-11-22,Profil Klub / Kompetisi,2
2025-11-23,Profil Klub / Kompetisi,4
2025-11-24,Profil Klub / Kompetisi,6
2025-11-25,Profil Klub / Kompetisi,2
2025-11-26,Profil Klub / Kompetisi,2
2025-11-27,Profil Klub / Kompetisi,1
2025-11-30,Profil Klub / Kompetisi,0
2025-12-03,Profil Klub / Kompetisi,0
2025-12-11,Profil Klub / Kompetisi,2
2025-12-14,Profil Klub / Kompetisi,0
2025-12-15,Profil Klub / Kompetisi,1
2025-12-17,Profil Klub / Kompetisi,1
2025-12-18,Profil Klub / Kompetisi,6
2025-12-19,Profil Klub / Kompetisi,3
2025-12-22,Profil Klub / Kompetisi,2
2025-12-23,Profil Klub / Kompetisi,2
2025-12-25,Profil Klub / Kompetisi,1
2025-12-27,Profil Klub / Kompetisi,11
2025-12-28,Profil Klub / Kompetisi,5
2025-12-30,Profil Klub / Kompetisi,4
2026-01-01,Profil Klub / Kompetisi,2
2026-01-02,Profil Klub / Kompetisi,3
2026-01-03,Profil Klub / Kompetisi,2
2026-01-04,Profil Klub / Kompetisi,2
2026-01-05,Profil Klub / Kompetisi,2
2026-01-06,Profil Klub / Kompetisi,6
2026-01-07,Profil Klub / Kompetisi,6
2026-01-08,Profil Klub / Kompetisi,7
2026-01-10,Profil Klub / Kompetisi,2
2026-01-13,Profil Klub / Kompetisi,0
2026-01-14,Profil Klub / Kompetisi,2
2026-01-15,Profil Klub / Kompetisi,11
2026-01-17,Profil Klub / Kompetisi,2
2026-01-18,Profil Klub / Kompetisi,2
2026-01-19,Profil Klub / Kompetisi,4
2026-01-20,Profil Klub / Kompetisi,15
2026-01-21,Profil Klub / Kompetisi,6
2026-01-23,Profil Klub / Kompetisi,8
2026-01-24,Profil Klub / Kompetisi,8
2026-01-25,Profil Klub / Kompetisi,7
2026-01-26,Profil Klub / Kompetisi,8
2026-01-27,Profil Klub / Kompetisi,20
2026-01-28,Profil Klub / Kompetisi,32
2026-01-29,Profil Klub / Kompetisi,19
2026-01-30,Profil Klub / Kompetisi,44
2026-01-31,Profil Klub / Kompetisi,19
2026-02-01,Profil Klub / Kompetisi,9
2026-02-02,Profil Klub / Kompetisi,19
2026-02-03,Profil Klub / Kompetisi,2
2026-02-04,Profil Klub / Kompetisi,11
2026-02-05,Profil Klub / Kompetisi,20
2026-02-06,Profil Klub / Kompetisi,5
2026-02-07,Profil Klub / Kompetisi,4
2026-02-08,Profil Klub / Kompetisi,17
2026-02-10,Profil Klub / Kompetisi,10
2026-02-11,Profil Klub / Kompetisi,5
2026-02-12,Profil Klub / Kompetisi,4
2026-02-13,Profil Klub / Kompetisi,6
2026-02-14,Profil Klub / Kompetisi,1
2026-02-16,Profil Klub / Kompetisi,14
2026-02-17,Profil Klub / Kompetisi,4
2026-02-18,Profil Klub / Kompetisi,1
2026-02-19,Profil Klub / Kompetisi,1
2026-02-20,Profil Klub / Kompetisi,1
2026-02-21,Profil Klub / Kompetisi,5
2026-02-22,Profil Klub / Kompetisi,1
2026-02-23,Profil Klub / Kompetisi,1
2026-02-25,Profil Klub / Kompetisi,2
2026-02-28,Profil Klub / Kompetisi,2
2026-03-01,Profil Klub / Kompetisi,5
2026-03-03,Profil Klub / Kompetisi,4
2026-03-04,Profil Klub / Kompetisi,2
2026-03-06,Profil Klub / Kompetisi,1
2026-03-11,Profil Klub / Kompetisi,1
2026-03-12,Profil Klub / Kompetisi,3
2026-03-13,Profil Klub / Kompetisi,2
2026-03-14,Profil Klub / Kompetisi,5
2026-03-15,Profil Klub / Kompetisi,26
2026-03-16,Profil Klub / Kompetisi,22
2026-03-17,Profil Klub / Kompetisi,16
2026-03-18,Profil Klub / Kompetisi,1
2026-03-19,Profil Klub / Kompetisi,1
2026-03-21,Profil Klub / Kompetisi,2
2026-03-22,Profil Klub / Kompetisi,2
2026-04-01,Profil Klub / Kompetisi,4
2026-04-02,Profil Klub / Kompetisi,6
2026-04-04,Profil Klub / Kompetisi,5
2026-04-05,Profil Klub / Kompetisi,1
2026-04-08,Profil Klub / Kompetisi,1
2026-04-12,Profil Klub / Kompetisi,1
2026-04-13,Profil Klub / Kompetisi,96
2026-04-14,Profil Klub / Kompetisi,98
2026-04-21,Profil Klub / Kompetisi,1
2026-04-24,Profil Klub / Kompetisi,2
2026-04-29,Profil Klub / Kompetisi,1
2025-05-04,Profil Pemain & Staff,10
2025-05-09,Profil Pemain & Staff,2
2025-05-16,Profil Pemain & Staff,1
2025-05-28,Profil Pemain & Staff,2
2025-06-02,Profil Pemain & Staff,2
2025-06-15,Profil Pemain & Staff,2
2025-07-05,Profil Pemain & Staff,0
2025-07-08,Profil Pemain & Staff,4
2025-07-17,Profil Pemain & Staff,6
2025-07-18,Profil Pemain & Staff,2
2025-08-11,Profil Pemain & Staff,4
2025-08-18,Profil Pemain & Staff,2
2025-08-25,Profil Pemain & Staff,4
2025-10-02,Profil Pemain & Staff,4
2025-10-07,Profil Pemain & Staff,2
2025-10-10,Profil Pemain & Staff,2
2025-10-13,Profil Pemain & Staff,2
2025-10-15,Profil Pemain & Staff,2
2025-10-20,Profil Pemain & Staff,4
2025-10-21,Profil Pemain & Staff,4
2025-10-22,Profil Pemain & Staff,12
2025-10-23,Profil Pemain & Staff,4
2025-10-24,Profil Pemain & Staff,12
2025-10-25,Profil Pemain & Staff,4
2025-10-26,Profil Pemain & Staff,2
2025-10-27,Profil Pemain & Staff,8
2025-10-28,Profil Pemain & Staff,6
2025-10-29,Profil Pemain & Staff,4
2025-10-30,Profil Pemain & Staff,2
2025-10-31,Profil Pemain & Staff,10
2025-11-01,Profil Pemain & Staff,8
2025-11-02,Profil Pemain & Staff,4
2025-11-03,Profil Pemain & Staff,10
2025-11-04,Profil Pemain & Staff,10
2025-11-06,Profil Pemain & Staff,2
2025-11-07,Profil Pemain & Staff,16
2025-11-08,Profil Pemain & Staff,9
2025-11-09,Profil Pemain & Staff,7
2025-11-10,Profil Pemain & Staff,14
2025-11-11,Profil Pemain & Staff,12
2025-11-12,Profil Pemain & Staff,16
2025-11-13,Profil Pemain & Staff,11
2025-11-14,Profil Pemain & Staff,20
2025-11-15,Profil Pemain & Staff,20
2025-11-16,Profil Pemain & Staff,6
2025-11-17,Profil Pemain & Staff,20
2025-11-18,Profil Pemain & Staff,28
2025-11-19,Profil Pemain & Staff,22
2025-11-20,Profil Pemain & Staff,11
2025-11-21,Profil Pemain & Staff,19
2025-11-22,Profil Pemain & Staff,24
2025-11-23,Profil Pemain & Staff,14
2025-11-24,Profil Pemain & Staff,14
2025-11-25,Profil Pemain & Staff,2
2025-11-26,Profil Pemain & Staff,6
2025-11-27,Profil Pemain & Staff,26
2025-11-28,Profil Pemain & Staff,12
2025-11-29,Profil Pemain & Staff,3
2025-11-30,Profil Pemain & Staff,2
2025-12-01,Profil Pemain & Staff,0
2025-12-02,Profil Pemain & Staff,2
2025-12-03,Profil Pemain & Staff,1
2025-12-04,Profil Pemain & Staff,0
2025-12-09,Profil Pemain & Staff,3
2025-12-11,Profil Pemain & Staff,1
2025-12-12,Profil Pemain & Staff,4
2025-12-17,Profil Pemain & Staff,0
2025-12-19,Profil Pemain & Staff,4
2025-12-22,Profil Pemain & Staff,2
2025-12-23,Profil Pemain & Staff,0
2025-12-26,Profil Pemain & Staff,4
2025-12-27,Profil Pemain & Staff,3
2025-12-31,Profil Pemain & Staff,2
2026-01-01,Profil Pemain & Staff,4
2026-01-03,Profil Pemain & Staff,3
2026-01-05,Profil Pemain & Staff,18
2026-01-06,Profil Pemain & Staff,5
2026-01-07,Profil Pemain & Staff,16
2026-01-08,Profil Pemain & Staff,4
2026-01-11,Profil Pemain & Staff,4
2026-01-12,Profil Pemain & Staff,4
2026-01-15,Profil Pemain & Staff,18
2026-01-16,Profil Pemain & Staff,4
2026-01-17,Profil Pemain & Staff,4
2026-01-19,Profil Pemain & Staff,6
2026-01-20,Profil Pemain & Staff,2
2026-01-21,Profil Pemain & Staff,2
2026-01-22,Profil Pemain & Staff,6
2026-01-24,Profil Pemain & Staff,2
2026-01-25,Profil Pemain & Staff,10
2026-01-26,Profil Pemain & Staff,14
2026-01-27,Profil Pemain & Staff,29
2026-01-28,Profil Pemain & Staff,33
2026-01-29,Profil Pemain & Staff,17
2026-01-30,Profil Pemain & Staff,45
2026-01-31,Profil Pemain & Staff,26
2026-02-01,Profil Pemain & Staff,9
2026-02-02,Profil Pemain & Staff,19
2026-02-03,Profil Pemain & Staff,4
2026-02-04,Profil Pemain & Staff,17
2026-02-05,Profil Pemain & Staff,5
2026-02-06,Profil Pemain & Staff,6
2026-02-07,Profil Pemain & Staff,2
2026-02-08,Profil Pemain & Staff,8
2026-02-09,Profil Pemain & Staff,4
2026-02-10,Profil Pemain & Staff,2
2026-02-11,Profil Pemain & Staff,6
2026-02-12,Profil Pemain & Staff,8
2026-02-13,Profil Pemain & Staff,6
2026-02-14,Profil Pemain & Staff,4
2026-02-16,Profil Pemain & Staff,19
2026-02-17,Profil Pemain & Staff,10
2026-02-18,Profil Pemain & Staff,4
2026-02-19,Profil Pemain & Staff,6
2026-02-20,Profil Pemain & Staff,15
2026-02-21,Profil Pemain & Staff,10
2026-02-22,Profil Pemain & Staff,4
2026-02-23,Profil Pemain & Staff,1
2026-02-27,Profil Pemain & Staff,2
2026-02-28,Profil Pemain & Staff,4
2026-03-01,Profil Pemain & Staff,4
2026-03-02,Profil Pemain & Staff,2
2026-03-03,Profil Pemain & Staff,20
2026-03-04,Profil Pemain & Staff,15
2026-03-05,Profil Pemain & Staff,34
2026-03-06,Profil Pemain & Staff,22
2026-03-07,Profil Pemain & Staff,2
2026-03-09,Profil Pemain & Staff,0
2026-03-10,Profil Pemain & Staff,32
2026-03-11,Profil Pemain & Staff,12
2026-03-12,Profil Pemain & Staff,41
2026-03-13,Profil Pemain & Staff,2
2026-03-14,Profil Pemain & Staff,10
2026-03-15,Profil Pemain & Staff,11
2026-03-16,Profil Pemain & Staff,32
2026-03-17,Profil Pemain & Staff,31
2026-03-18,Profil Pemain & Staff,8
2026-03-19,Profil Pemain & Staff,8
2026-03-20,Profil Pemain & Staff,4
2026-03-21,Profil Pemain & Staff,3
2026-03-22,Profil Pemain & Staff,2
2026-03-23,Profil Pemain & Staff,1
2026-03-24,Profil Pemain & Staff,2
2026-03-26,Profil Pemain & Staff,4
2026-03-27,Profil Pemain & Staff,9
2026-03-28,Profil Pemain & Staff,7
2026-03-29,Profil Pemain & Staff,19
2026-03-30,Profil Pemain & Staff,8
2026-03-31,Profil Pemain & Staff,8
2026-04-01,Profil Pemain & Staff,16
2026-04-02,Profil Pemain & Staff,2
2026-04-03,Profil Pemain & Staff,3
2026-04-04,Profil Pemain & Staff,11
2026-04-05,Profil Pemain & Staff,26
2026-04-06,Profil Pemain & Staff,15
2026-04-07,Profil Pemain & Staff,8
2026-04-08,Profil Pemain & Staff,21
2026-04-09,Profil Pemain & Staff,15
2026-04-10,Profil Pemain & Staff,16
2026-04-11,Profil Pemain & Staff,25
2026-04-12,Profil Pemain & Staff,13
2026-04-13,Profil Pemain & Staff,27
2026-04-14,Profil Pemain & Staff,26
2026-04-15,Profil Pemain & Staff,7
2026-04-16,Profil Pemain & Staff,4
2026-04-17,Profil Pemain & Staff,6
2026-04-18,Profil Pemain & Staff,3
2026-04-19,Profil Pemain & Staff,4
2026-04-21,Profil Pemain & Staff,12
2026-04-22,Profil Pemain & Staff,14
2026-04-23,Profil Pemain & Staff,3
2026-04-24,Profil Pemain & Staff,6
2026-04-25,Profil Pemain & Staff,4
2026-04-27,Profil Pemain & Staff,8
2026-04-28,Profil Pemain & Staff,14
2026-04-29,Profil Pemain & Staff,8
2026-04-30,Profil Pemain & Staff,8
2025-05-18,Review Jersey,6
2025-05-19,Review Jersey,2
2025-05-20,Review Jersey,2
2025-05-23,Review Jersey,4
2025-05-25,Review Jersey,2
2025-05-26,Review Jersey,2
2025-05-27,Review Jersey,2
2025-05-28,Review Jersey,2
2025-05-30,Review Jersey,2
2025-06-04,Review Jersey,2
2025-06-05,Review Jersey,2
2025-06-06,Review Jersey,4
2025-06-08,Review Jersey,2
2025-06-22,Review Jersey,2
2025-06-30,Review Jersey,2
2025-07-04,Review Jersey,2
2025-07-10,Review Jersey,2
2025-07-13,Review Jersey,2
2025-07-25,Review Jersey,4
2025-08-04,Review Jersey,10
2025-08-07,Review Jersey,2
2025-08-11,Review Jersey,2
2025-08-23,Review Jersey,2
2025-08-27,Review Jersey,4
2025-09-02,Review Jersey,2
2025-09-04,Review Jersey,2
2025-09-06,Review Jersey,2
2025-09-25,Review Jersey,2
2025-09-28,Review Jersey,2
2025-10-09,Review Jersey,2
2025-10-16,Review Jersey,2
2025-10-17,Review Jersey,2
2025-10-20,Review Jersey,8
2025-10-21,Review Jersey,3
2025-10-23,Review Jersey,4
2025-10-26,Review Jersey,2
2025-10-27,Review Jersey,2
2025-10-28,Review Jersey,4
2025-10-30,Review Jersey,2
2025-10-31,Review Jersey,6
2025-11-05,Review Jersey,2
2025-11-06,Review Jersey,2
2025-11-07,Review Jersey,2
2025-11-09,Review Jersey,2
2025-11-17,Review Jersey,2
2025-11-20,Review Jersey,2
2025-11-22,Review Jersey,2
2025-11-23,Review Jersey,6
2025-12-01,Review Jersey,2
2025-12-02,Review Jersey,2
2025-12-04,Review Jersey,4
2025-12-05,Review Jersey,2
2025-12-09,Review Jersey,12
2025-12-14,Review Jersey,2
2025-12-18,Review Jersey,2
2025-12-20,Review Jersey,2
2025-12-21,Review Jersey,6
2025-12-24,Review Jersey,2
2025-12-25,Review Jersey,4
2025-12-29,Review Jersey,2
2025-12-30,Review Jersey,0
2026-01-01,Review Jersey,2
2026-01-02,Review Jersey,1
2026-01-03,Review Jersey,2
2026-01-05,Review Jersey,2
2026-01-06,Review Jersey,2
2026-01-12,Review Jersey,2
2026-01-13,Review Jersey,4
2026-01-16,Review Jersey,2
2026-01-18,Review Jersey,2
2026-01-20,Review Jersey,2
2026-01-22,Review Jersey,2
2026-01-23,Review Jersey,1
2026-01-26,Review Jersey,4
2026-01-27,Review Jersey,2
2026-01-28,Review Jersey,5
2026-01-30,Review Jersey,9
2026-01-31,Review Jersey,5
2026-02-03,Review Jersey,4
2026-02-04,Review Jersey,2
2026-02-05,Review Jersey,2
2026-02-07,Review Jersey,2
2026-02-09,Review Jersey,4
2026-02-10,Review Jersey,2
2026-02-13,Review Jersey,2
2026-02-14,Review Jersey,2
2026-02-15,Review Jersey,4
2026-02-16,Review Jersey,3
2026-02-19,Review Jersey,2
2026-02-20,Review Jersey,1
2026-02-23,Review Jersey,4
2026-02-24,Review Jersey,4
2026-02-25,Review Jersey,2
2026-02-26,Review Jersey,2
2026-03-01,Review Jersey,6
2026-03-02,Review Jersey,2
2026-03-05,Review Jersey,2
2026-03-11,Review Jersey,2
2026-03-12,Review Jersey,2
2026-03-22,Review Jersey,2
2026-03-24,Review Jersey,2
2026-03-25,Review Jersey,4
2026-04-09,Review Jersey,2
2026-04-11,Review Jersey,2
2026-04-14,Review Jersey,2
2026-04-21,Review Jersey,2
2026-04-23,Review Jersey,4
2026-04-24,Review Jersey,2
2026-04-26,Review Jersey,2
2026-04-29,Review Jersey,2
2025-04-30,Sejarah Arema,73
2025-05-01,Sejarah Arema,61
2025-05-02,Sejarah Arema,82
2025-05-03,Sejarah Arema,77
2025-05-04,Sejarah Arema,32
2025-05-05,Sejarah Arema,90
2025-05-06,Sejarah Arema,71
2025-05-07,Sejarah Arema,69
2025-05-08,Sejarah Arema,83
2025-05-09,Sejarah Arema,3963
2025-05-10,Sejarah Arema,932
2025-05-11,Sejarah Arema,295
2025-05-12,Sejarah Arema,114
2025-05-13,Sejarah Arema,76
2025-05-14,Sejarah Arema,77
2025-05-15,Sejarah Arema,98
2025-05-16,Sejarah Arema,73
2025-05-17,Sejarah Arema,86
2025-05-18,Sejarah Arema,93
2025-05-19,Sejarah Arema,101
2025-05-20,Sejarah Arema,84
2025-05-21,Sejarah Arema,78
2025-05-22,Sejarah Arema,90
2025-05-23,Sejarah Arema,98
2025-05-24,Sejarah Arema,163
2025-05-25,Sejarah Arema,105
2025-05-26,Sejarah Arema,114
2025-05-27,Sejarah Arema,93
2025-05-28,Sejarah Arema,18
2025-05-30,Sejarah Arema,65
2025-05-31,Sejarah Arema,70
2025-06-01,Sejarah Arema,49
2025-06-02,Sejarah Arema,93
2025-06-03,Sejarah Arema,86
2025-06-04,Sejarah Arema,103
2025-06-05,Sejarah Arema,71
2025-06-06,Sejarah Arema,79
2025-06-07,Sejarah Arema,62
2025-06-08,Sejarah Arema,44
2025-06-09,Sejarah Arema,57
2025-06-10,Sejarah Arema,60
2025-06-11,Sejarah Arema,66
2025-06-12,Sejarah Arema,66
2025-06-13,Sejarah Arema,46
2025-06-14,Sejarah Arema,34
2025-06-15,Sejarah Arema,48
2025-06-16,Sejarah Arema,53
2025-06-17,Sejarah Arema,48
2025-06-18,Sejarah Arema,70
2025-06-19,Sejarah Arema,56
2025-06-20,Sejarah Arema,60
2025-06-21,Sejarah Arema,59
2025-06-22,Sejarah Arema,47
2025-06-23,Sejarah Arema,46
2025-06-24,Sejarah Arema,55
2025-06-25,Sejarah Arema,50
2025-06-26,Sejarah Arema,58
2025-06-27,Sejarah Arema,69
2025-06-28,Sejarah Arema,55
2025-06-29,Sejarah Arema,64
2025-06-30,Sejarah Arema,96
2025-07-01,Sejarah Arema,84
2025-07-02,Sejarah Arema,39
2025-07-03,Sejarah Arema,81
2025-07-04,Sejarah Arema,46
2025-07-05,Sejarah Arema,65
2025-07-06,Sejarah Arema,100
2025-07-07,Sejarah Arema,93
2025-07-08,Sejarah Arema,107
2025-07-09,Sejarah Arema,50
2025-07-10,Sejarah Arema,474
2025-07-11,Sejarah Arema,87
2025-07-12,Sejarah Arema,90
2025-07-13,Sejarah Arema,83
2025-07-14,Sejarah Arema,94
2025-07-15,Sejarah Arema,72
2025-07-16,Sejarah Arema,113
2025-07-17,Sejarah Arema,53
2025-07-18,Sejarah Arema,60
2025-07-19,Sejarah Arema,32
2025-07-20,Sejarah Arema,73
2025-07-21,Sejarah Arema,92
2025-07-22,Sejarah Arema,34
2025-07-23,Sejarah Arema,54
2025-07-24,Sejarah Arema,61
2025-07-25,Sejarah Arema,63
2025-07-26,Sejarah Arema,68
2025-07-27,Sejarah Arema,38
2025-07-28,Sejarah Arema,44
2025-07-29,Sejarah Arema,80
2025-07-30,Sejarah Arema,44
2025-07-31,Sejarah Arema,21
2025-08-01,Sejarah Arema,52
2025-08-02,Sejarah Arema,38
2025-08-03,Sejarah Arema,45
2025-08-04,Sejarah Arema,54
2025-08-05,Sejarah Arema,38
2025-08-06,Sejarah Arema,58
2025-08-07,Sejarah Arema,58
2025-08-08,Sejarah Arema,234
2025-08-09,Sejarah Arema,90
2025-08-10,Sejarah Arema,70
2025-08-11,Sejarah Arema,110
2025-08-12,Sejarah Arema,136
2025-08-13,Sejarah Arema,136
2025-08-14,Sejarah Arema,66
2025-08-15,Sejarah Arema,83
2025-08-16,Sejarah Arema,54
2025-08-17,Sejarah Arema,52
2025-08-18,Sejarah Arema,33
2025-08-19,Sejarah Arema,65
2025-08-20,Sejarah Arema,82
2025-08-21,Sejarah Arema,106
2025-08-22,Sejarah Arema,69
2025-08-23,Sejarah Arema,81
2025-08-24,Sejarah Arema,91
2025-08-25,Sejarah Arema,76
2025-08-26,Sejarah Arema,58
2025-08-27,Sejarah Arema,61
2025-08-28,Sejarah Arema,44
2025-08-29,Sejarah Arema,26
2025-08-30,Sejarah Arema,62
2025-08-31,Sejarah Arema,35
2025-09-01,Sejarah Arema,37
2025-09-02,Sejarah Arema,46
2025-09-03,Sejarah Arema,28
2025-09-04,Sejarah Arema,54
2025-09-05,Sejarah Arema,65
2025-09-06,Sejarah Arema,50
2025-09-07,Sejarah Arema,42
2025-09-08,Sejarah Arema,67
2025-09-09,Sejarah Arema,34
2025-09-10,Sejarah Arema,28
2025-09-11,Sejarah Arema,53
2025-09-12,Sejarah Arema,86
2025-09-13,Sejarah Arema,79
2025-09-14,Sejarah Arema,78
2025-09-15,Sejarah Arema,41
2025-09-16,Sejarah Arema,36
2025-09-17,Sejarah Arema,67
2025-09-18,Sejarah Arema,76
2025-09-19,Sejarah Arema,36
2025-09-20,Sejarah Arema,45
2025-09-21,Sejarah Arema,44
2025-09-22,Sejarah Arema,77
2025-09-23,Sejarah Arema,44
2025-09-24,Sejarah Arema,39
2025-09-25,Sejarah Arema,24
2025-09-26,Sejarah Arema,51
2025-09-27,Sejarah Arema,70
2025-09-28,Sejarah Arema,58
2025-09-29,Sejarah Arema,52
2025-09-30,Sejarah Arema,58
2025-10-01,Sejarah Arema,86
2025-10-02,Sejarah Arema,64
2025-10-03,Sejarah Arema,36
2025-10-04,Sejarah Arema,48
2025-10-05,Sejarah Arema,41
2025-10-06,Sejarah Arema,42
2025-10-07,Sejarah Arema,49
2025-10-08,Sejarah Arema,40
2025-10-09,Sejarah Arema,46
2025-10-10,Sejarah Arema,44
2025-10-11,Sejarah Arema,37
2025-10-12,Sejarah Arema,63
2025-10-13,Sejarah Arema,52
2025-10-14,Sejarah Arema,36
2025-10-15,Sejarah Arema,20
2025-10-16,Sejarah Arema,47
2025-10-17,Sejarah Arema,46
2025-10-18,Sejarah Arema,54
2025-10-19,Sejarah Arema,42
2025-10-20,Sejarah Arema,103
2025-10-21,Sejarah Arema,90
2025-10-22,Sejarah Arema,106
2025-10-23,Sejarah Arema,76
2025-10-24,Sejarah Arema,91
2025-10-25,Sejarah Arema,103
2025-10-26,Sejarah Arema,140
2025-10-27,Sejarah Arema,110
2025-10-28,Sejarah Arema,125
2025-10-29,Sejarah Arema,152
2025-10-30,Sejarah Arema,129
2025-10-31,Sejarah Arema,101
2025-11-01,Sejarah Arema,63
2025-11-02,Sejarah Arema,79
2025-11-03,Sejarah Arema,86
2025-11-04,Sejarah Arema,92
2025-11-05,Sejarah Arema,90
2025-11-06,Sejarah Arema,114
2025-11-07,Sejarah Arema,99
2025-11-08,Sejarah Arema,99
2025-11-09,Sejarah Arema,139
2025-11-10,Sejarah Arema,75
2025-11-11,Sejarah Arema,92
2025-11-12,Sejarah Arema,80
2025-11-13,Sejarah Arema,86
2025-11-14,Sejarah Arema,112
2025-11-15,Sejarah Arema,95
2025-11-16,Sejarah Arema,97
2025-11-17,Sejarah Arema,118
2025-11-18,Sejarah Arema,74
2025-11-19,Sejarah Arema,90
2025-11-20,Sejarah Arema,74
2025-11-21,Sejarah Arema,177
2025-11-22,Sejarah Arema,234
2025-11-23,Sejarah Arema,92
2025-11-24,Sejarah Arema,133
2025-11-25,Sejarah Arema,76
2025-11-26,Sejarah Arema,68
2025-11-27,Sejarah Arema,63
2025-11-28,Sejarah Arema,75
2025-11-29,Sejarah Arema,84
2025-11-30,Sejarah Arema,57
2025-12-01,Sejarah Arema,101
2025-12-02,Sejarah Arema,51
2025-12-03,Sejarah Arema,53
2025-12-04,Sejarah Arema,78
2025-12-05,Sejarah Arema,80
2025-12-06,Sejarah Arema,105
2025-12-07,Sejarah Arema,70
2025-12-08,Sejarah Arema,36
2025-12-09,Sejarah Arema,66
2025-12-10,Sejarah Arema,83
2025-12-11,Sejarah Arema,111
2025-12-12,Sejarah Arema,88
2025-12-13,Sejarah Arema,46
2025-12-14,Sejarah Arema,67
2025-12-15,Sejarah Arema,40
2025-12-16,Sejarah Arema,41
2025-12-17,Sejarah Arema,64
2025-12-18,Sejarah Arema,72
2025-12-19,Sejarah Arema,42
2025-12-20,Sejarah Arema,71
2025-12-21,Sejarah Arema,71
2025-12-22,Sejarah Arema,61
2025-12-23,Sejarah Arema,80
2025-12-24,Sejarah Arema,86
2025-12-25,Sejarah Arema,46
2025-12-26,Sejarah Arema,81
2025-12-27,Sejarah Arema,41
2025-12-28,Sejarah Arema,98
2025-12-29,Sejarah Arema,61
2025-12-30,Sejarah Arema,108
2025-12-31,Sejarah Arema,68
2026-01-01,Sejarah Arema,79
2026-01-02,Sejarah Arema,72
2026-01-03,Sejarah Arema,80
2026-01-04,Sejarah Arema,78
2026-01-05,Sejarah Arema,44
2026-01-06,Sejarah Arema,51
2026-01-07,Sejarah Arema,69
2026-01-08,Sejarah Arema,70
2026-01-09,Sejarah Arema,59
2026-01-10,Sejarah Arema,44
2026-01-11,Sejarah Arema,69
2026-01-12,Sejarah Arema,67
2026-01-13,Sejarah Arema,92
2026-01-14,Sejarah Arema,70
2026-01-15,Sejarah Arema,110
2026-01-16,Sejarah Arema,52
2026-01-17,Sejarah Arema,105
2026-01-18,Sejarah Arema,118
2026-01-19,Sejarah Arema,148
2026-01-20,Sejarah Arema,117
2026-01-21,Sejarah Arema,106
2026-01-22,Sejarah Arema,181
2026-01-23,Sejarah Arema,76
2026-01-24,Sejarah Arema,60
2026-01-25,Sejarah Arema,85
2026-01-26,Sejarah Arema,107
2026-01-27,Sejarah Arema,213
2026-01-28,Sejarah Arema,243
2026-01-29,Sejarah Arema,221
2026-01-30,Sejarah Arema,453
2026-01-31,Sejarah Arema,272
2026-02-01,Sejarah Arema,160
2026-02-02,Sejarah Arema,129
2026-02-03,Sejarah Arema,76
2026-02-04,Sejarah Arema,116
2026-02-05,Sejarah Arema,114
2026-02-06,Sejarah Arema,79
2026-02-07,Sejarah Arema,85
2026-02-08,Sejarah Arema,74
2026-02-09,Sejarah Arema,110
2026-02-10,Sejarah Arema,122
2026-02-11,Sejarah Arema,501
2026-02-12,Sejarah Arema,168
2026-02-13,Sejarah Arema,83
2026-02-14,Sejarah Arema,93
2026-02-15,Sejarah Arema,74
2026-02-16,Sejarah Arema,147
2026-02-17,Sejarah Arema,128
2026-02-18,Sejarah Arema,138
2026-02-19,Sejarah Arema,132
2026-02-20,Sejarah Arema,146
2026-02-21,Sejarah Arema,144
2026-02-22,Sejarah Arema,123
2026-02-23,Sejarah Arema,88
2026-02-24,Sejarah Arema,72
2026-02-25,Sejarah Arema,77
2026-02-26,Sejarah Arema,79
2026-02-27,Sejarah Arema,89
2026-02-28,Sejarah Arema,64
2026-03-01,Sejarah Arema,46
2026-03-02,Sejarah Arema,50
2026-03-03,Sejarah Arema,51
2026-03-04,Sejarah Arema,49
2026-03-05,Sejarah Arema,85
2026-03-06,Sejarah Arema,58
2026-03-07,Sejarah Arema,29
2026-03-08,Sejarah Arema,51
2026-03-09,Sejarah Arema,41
2026-03-10,Sejarah Arema,84
2026-03-11,Sejarah Arema,48
2026-03-12,Sejarah Arema,57
2026-03-13,Sejarah Arema,21
2026-03-14,Sejarah Arema,40
2026-03-15,Sejarah Arema,80
2026-03-16,Sejarah Arema,61
2026-03-17,Sejarah Arema,74
2026-03-18,Sejarah Arema,48
2026-03-19,Sejarah Arema,34
2026-03-20,Sejarah Arema,92
2026-03-21,Sejarah Arema,42
2026-03-22,Sejarah Arema,23
2026-03-23,Sejarah Arema,44
2026-03-24,Sejarah Arema,36
2026-03-25,Sejarah Arema,68
2026-03-26,Sejarah Arema,32
2026-03-27,Sejarah Arema,52
2026-03-28,Sejarah Arema,28
2026-03-29,Sejarah Arema,38
2026-03-30,Sejarah Arema,60
2026-03-31,Sejarah Arema,41
2026-04-01,Sejarah Arema,43
2026-04-02,Sejarah Arema,36
2026-04-03,Sejarah Arema,70
2026-04-04,Sejarah Arema,197
2026-04-05,Sejarah Arema,64
2026-04-06,Sejarah Arema,44
2026-04-07,Sejarah Arema,28
2026-04-08,Sejarah Arema,55
2026-04-09,Sejarah Arema,73
2026-04-10,Sejarah Arema,54
2026-04-11,Sejarah Arema,43
2026-04-12,Sejarah Arema,34
2026-04-13,Sejarah Arema,182
2026-04-14,Sejarah Arema,205
2026-04-15,Sejarah Arema,40
2026-04-16,Sejarah Arema,42
2026-04-17,Sejarah Arema,34
2026-04-18,Sejarah Arema,45
2026-04-19,Sejarah Arema,28
2026-04-20,Sejarah Arema,54
2026-04-21,Sejarah Arema,23
2026-04-22,Sejarah Arema,17
2026-04-23,Sejarah Arema,25
2026-04-24,Sejarah Arema,72
2026-04-25,Sejarah Arema,39
2026-04-26,Sejarah Arema,35
2026-04-27,Sejarah Arema,55
2026-04-28,Sejarah Arema,96
2026-04-29,Sejarah Arema,79
2026-04-30,Sejarah Arema,42
